Program,Year,Period,Week Ending,Geo Level,State,State ANSI,Ag District,Ag District Code,County,County ANSI,Zip Code,Region,watershed_code,Watershed,Commodity,Data Item,Domain,Domain Category,Value,CV (%)
SURVEY,1973,YEAR,,COUNTY,OHIO,39,NORTHWEST,10,OTHER (COMBINED) COUNTIES,,,,0,,TOMATOES,"TOMATOES, IN THE OPEN, PROCESSING - YIELD, MEASURED IN TONS / ACRE",TOTAL,NOT SPECIFIED,1.6,
SURVEY,1981,YEAR,,COUNTY,OHIO,39,WEST CENTRAL,40,OTHER (COMBINED) COUNTIES,,,,0,,TOMATOES,"TOMATOES, IN THE OPEN, PROCESSING - YIELD, MEASURED IN TONS / ACRE",TOTAL,NOT SPECIFIED,10.7,
SURVEY,2002,YEAR,,COUNTY,OHIO,39,WEST CENTRAL,40,OTHER (COMBINED) COUNTIES,,,,0,,TOMATOES,"TOMATOES, IN THE OPEN, PROCESSING - YIELD, MEASURED IN TONS / ACRE",TOTAL,NOT SPECIFIED,12.14,
SURVEY,1974,YEAR,,COUNTY,OHIO,39,WEST CENTRAL,40,OTHER (COMBINED) COUNTIES,,,,0,,TOMATOES,"TOMATOES, IN THE OPEN, PROCESSING - YIELD, MEASURED IN TONS / ACRE",TOTAL,NOT SPECIFIED,13.39,
SURVEY,1975,YEAR,,COUNTY,OHIO,39,WEST CENTRAL,40,OTHER (COMBINED) COUNTIES,,,,0,,TOMATOES,"TOMATOES, IN THE OPEN, PROCESSING - YIELD, MEASURED IN TONS / ACRE",TOTAL,NOT SPECIFIED,13.41,
SURVEY,1979,YEAR,,COUNTY,OHIO,39,WEST CENTRAL,40,OTHER (COMBINED) COUNTIES,,,,0,,TOMATOES,"TOMATOES, IN THE OPEN, PROCESSING - YIELD, MEASURED IN TONS / ACRE",TOTAL,NOT SPECIFIED,14,
SURVEY,1974,YEAR,,COUNTY,OHIO,39,NORTHWEST,10,OTHER (COMBINED) COUNTIES,,,,0,,TOMATOES,"TOMATOES, IN THE OPEN, PROCESSING - YIELD, MEASURED IN TONS / ACRE",TOTAL,NOT SPECIFIED,14.06,
SURVEY,1977,YEAR,,COUNTY,OHIO,39,WEST CENTRAL,40,OTHER (COMBINED) COUNTIES,,,,0,,TOMATOES,"TOMATOES, IN THE OPEN, PROCESSING - YIELD, MEASURED IN TONS / ACRE",TOTAL,NOT SPECIFIED,14.7,
SURVEY,1980,YEAR,,COUNTY,OHIO,39,NORTHWEST,10,OTHER (COMBINED) COUNTIES,,,,0,,TOMATOES,"TOMATOES, IN THE OPEN, PROCESSING - YIELD, MEASURED IN TONS / ACRE",TOTAL,NOT SPECIFIED,14.82,
SURVEY,1994,YEAR,,COUNTY,OHIO,39,WEST CENTRAL,40,OTHER (COMBINED) COUNTIES,,,,0,,TOMATOES,"TOMATOES, IN THE OPEN, PROCESSING - YIELD, MEASURED IN TONS / ACRE",TOTAL,NOT SPECIFIED,15.71,
SURVEY,1992,YEAR,,COUNTY,OHIO,39,NORTHWEST,10,HANCOCK,63,,,0,,TOMATOES,"TOMATOES, IN THE OPEN, PROCESSING - YIELD, MEASURED IN TONS / ACRE",TOTAL,NOT SPECIFIED,16.21,
SURVEY,1980,YEAR,,COUNTY,OHIO,39,WEST CENTRAL,40,OTHER (COMBINED) COUNTIES,,,,0,,TOMATOES,"TOMATOES, IN THE OPEN, PROCESSING - YIELD, MEASURED IN TONS / ACRE",TOTAL,NOT SPECIFIED,16.21,
SURVEY,1975,YEAR,,COUNTY,OHIO,39,NORTHWEST,10,OTHER (COMBINED) COUNTIES,,,,0,,TOMATOES,"TOMATOES, IN THE OPEN, PROCESSING - YIELD, MEASURED IN TONS / ACRE",TOTAL,NOT SPECIFIED,16.83,
SURVEY,1993,YEAR,,COUNTY,OHIO,39,NORTH CENTRAL,20,OTHER (COMBINED) COUNTIES,,,,0,,TOMATOES,"TOMATOES, IN THE OPEN, PROCESSING - YIELD, MEASURED IN TONS / ACRE",TOTAL,NOT SPECIFIED,16.89,
SURVEY,1981,YEAR,,COUNTY,OHIO,39,NORTHWEST,10,OTHER (COMBINED) COUNTIES,,,,0,,TOMATOES,"TOMATOES, IN THE OPEN, PROCESSING - YIELD, MEASURED IN TONS / ACRE",TOTAL,NOT SPECIFIED,17,
SURVEY,1982,YEAR,,COUNTY,OHIO,39,WEST CENTRAL,40,OTHER (COMBINED) COUNTIES,,,,0,,TOMATOES,"TOMATOES, IN THE OPEN, PROCESSING - YIELD, MEASURED IN TONS / ACRE",TOTAL,NOT SPECIFIED,17.06,
SURVEY,1993,YEAR,,COUNTY,OHIO,39,WEST CENTRAL,40,OTHER (COMBINED) COUNTIES,,,,0,,TOMATOES,"TOMATOES, IN THE OPEN, PROCESSING - YIELD, MEASURED IN TONS / ACRE",TOTAL,NOT SPECIFIED,17.57,
SURVEY,1995,YEAR,,COUNTY,OHIO,39,WEST CENTRAL,40,MIAMI,109,,,0,,TOMATOES,"TOMATOES, IN THE OPEN, PROCESSING - YIELD, MEASURED IN TONS / ACRE",TOTAL,NOT SPECIFIED,17.89,
SURVEY,1996,YEAR,,COUNTY,OHIO,39,WEST CENTRAL,40,MIAMI,109,,,0,,TOMATOES,"TOMATOES, IN THE OPEN, PROCESSING - YIELD, MEASURED IN TONS / ACRE",TOTAL,NOT SPECIFIED,18.03,
SURVEY,2006,YEAR,,COUNTY,OHIO,39,NORTH CENTRAL,20,SANDUSKY,143,,,0,,TOMATOES,"TOMATOES, IN THE OPEN, PROCESSING - YIELD, MEASURED IN TONS / ACRE",TOTAL,NOT SPECIFIED,18.06,
SURVEY,1978,YEAR,,COUNTY,OHIO,39,WEST CENTRAL,40,OTHER (COMBINED) COUNTIES,,,,0,,TOMATOES,"TOMATOES, IN THE OPEN, PROCESSING - YIELD, MEASURED IN TONS / ACRE",TOTAL,NOT SPECIFIED,18.1,
SURVEY,1991,YEAR,,COUNTY,OHIO,39,WEST CENTRAL,40,MERCER,107,,,0,,TOMATOES,"TOMATOES, IN THE OPEN, PROCESSING - YIELD, MEASURED IN TONS / ACRE",TOTAL,NOT SPECIFIED,18.27,
SURVEY,1976,YEAR,,COUNTY,OHIO,39,WEST CENTRAL,40,OTHER (COMBINED) COUNTIES,,,,0,,TOMATOES,"TOMATOES, IN THE OPEN, PROCESSING - YIELD, MEASURED IN TONS / ACRE",TOTAL,NOT SPECIFIED,18.33,
SURVEY,1993,YEAR,,COUNTY,OHIO,39,NORTHWEST,10,WILLIAMS,171,,,0,,TOMATOES,"TOMATOES, IN THE OPEN, PROCESSING - YIELD, MEASURED IN TONS / ACRE",TOTAL,NOT SPECIFIED,18.49,
SURVEY,1992,YEAR,,COUNTY,OHIO,39,WEST CENTRAL,40,OTHER (COMBINED) COUNTIES,,,,0,,TOMATOES,"TOMATOES, IN THE OPEN, PROCESSING - YIELD, MEASURED IN TONS / ACRE",TOTAL,NOT SPECIFIED,18.5,
SURVEY,1979,YEAR,,COUNTY,OHIO,39,NORTHWEST,10,OTHER (COMBINED) COUNTIES,,,,0,,TOMATOES,"TOMATOES, IN THE OPEN, PROCESSING - YIELD, MEASURED IN TONS / ACRE",TOTAL,NOT SPECIFIED,18.6,
SURVEY,1991,YEAR,,COUNTY,OHIO,39,CENTRAL,50,FAYETTE,47,,,0,,TOMATOES,"TOMATOES, IN THE OPEN, PROCESSING - YIELD, MEASURED IN TONS / ACRE",TOTAL,NOT SPECIFIED,18.63,
SURVEY,2004,YEAR,,COUNTY,OHIO,39,WEST CENTRAL,40,OTHER (COMBINED) COUNTIES,,,,0,,TOMATOES,"TOMATOES, IN THE OPEN, PROCESSING - YIELD, MEASURED IN TONS / ACRE",TOTAL,NOT SPECIFIED,18.83,
SURVEY,1996,YEAR,,COUNTY,OHIO,39,WEST CENTRAL,40,OTHER (COMBINED) COUNTIES,,,,0,,TOMATOES,"TOMATOES, IN THE OPEN, PROCESSING - YIELD, MEASURED IN TONS / ACRE",TOTAL,NOT SPECIFIED,19,
SURVEY,1982,YEAR,,COUNTY,OHIO,39,NORTHWEST,10,OTHER (COMBINED) COUNTIES,,,,0,,TOMATOES,"TOMATOES, IN THE OPEN, PROCESSING - YIELD, MEASURED IN TONS / ACRE",TOTAL,NOT SPECIFIED,19.03,
SURVEY,1993,YEAR,,COUNTY,OHIO,39,WEST CENTRAL,40,DARKE,37,,,0,,TOMATOES,"TOMATOES, IN THE OPEN, PROCESSING - YIELD, MEASURED IN TONS / ACRE",TOTAL,NOT SPECIFIED,19.07,
SURVEY,1993,YEAR,,COUNTY,OHIO,39,NORTHWEST,10,LUCAS,95,,,0,,TOMATOES,"TOMATOES, IN THE OPEN, PROCESSING - YIELD, MEASURED IN TONS / ACRE",TOTAL,NOT SPECIFIED,19.08,
SURVEY,1991,YEAR,,COUNTY,OHIO,39,WEST CENTRAL,40,DARKE,37,,,0,,TOMATOES,"TOMATOES, IN THE OPEN, PROCESSING - YIELD, MEASURED IN TONS / ACRE",TOTAL,NOT SPECIFIED,19.4,
SURVEY,1993,YEAR,,COUNTY,OHIO,39,NORTHWEST,10,DEFIANCE,39,,,0,,TOMATOES,"TOMATOES, IN THE OPEN, PROCESSING - YIELD, MEASURED IN TONS / ACRE",TOTAL,NOT SPECIFIED,19.5,
SURVEY,1991,YEAR,,COUNTY,OHIO,39,NORTHWEST,10,WOOD,173,,,0,,TOMATOES,"TOMATOES, IN THE OPEN, PROCESSING - YIELD, MEASURED IN TONS / ACRE",TOTAL,NOT SPECIFIED,19.61,
SURVEY,1993,YEAR,,COUNTY,OHIO,39,NORTHWEST,10,WOOD,173,,,0,,TOMATOES,"TOMATOES, IN THE OPEN, PROCESSING - YIELD, MEASURED IN TONS / ACRE",TOTAL,NOT SPECIFIED,19.63,
SURVEY,1978,YEAR,,COUNTY,OHIO,39,NORTHWEST,10,OTHER (COMBINED) COUNTIES,,,,0,,TOMATOES,"TOMATOES, IN THE OPEN, PROCESSING - YIELD, MEASURED IN TONS / ACRE",TOTAL,NOT SPECIFIED,19.7,
SURVEY,1991,YEAR,,COUNTY,OHIO,39,NORTH CENTRAL,20,WYANDOT,175,,,0,,TOMATOES,"TOMATOES, IN THE OPEN, PROCESSING - YIELD, MEASURED IN TONS / ACRE",TOTAL,NOT SPECIFIED,20.1,
SURVEY,1993,YEAR,,COUNTY,OHIO,39,CENTRAL,50,FAYETTE,47,,,0,,TOMATOES,"TOMATOES, IN THE OPEN, PROCESSING - YIELD, MEASURED IN TONS / ACRE",TOTAL,NOT SPECIFIED,20.26,
SURVEY,1993,YEAR,,COUNTY,OHIO,39,NORTHWEST,10,PUTNAM,137,,,0,,TOMATOES,"TOMATOES, IN THE OPEN, PROCESSING - YIELD, MEASURED IN TONS / ACRE",TOTAL,NOT SPECIFIED,20.29,
SURVEY,1993,YEAR,,COUNTY,OHIO,39,NORTHWEST,10,HANCOCK,63,,,0,,TOMATOES,"TOMATOES, IN THE OPEN, PROCESSING - YIELD, MEASURED IN TONS / ACRE",TOTAL,NOT SPECIFIED,20.3,
SURVEY,1991,YEAR,,COUNTY,OHIO,39,NORTHWEST,10,LUCAS,95,,,0,,TOMATOES,"TOMATOES, IN THE OPEN, PROCESSING - YIELD, MEASURED IN TONS / ACRE",TOTAL,NOT SPECIFIED,20.33,
SURVEY,1988,YEAR,,COUNTY,OHIO,39,NORTH CENTRAL,20,OTHER (COMBINED) COUNTIES,,,,0,,TOMATOES,"TOMATOES, IN THE OPEN, PROCESSING - YIELD, MEASURED IN TONS / ACRE",TOTAL,NOT SPECIFIED,20.43,
SURVEY,1995,YEAR,,COUNTY,OHIO,39,WEST CENTRAL,40,OTHER (COMBINED) COUNTIES,,,,0,,TOMATOES,"TOMATOES, IN THE OPEN, PROCESSING - YIELD, MEASURED IN TONS / ACRE",TOTAL,NOT SPECIFIED,20.52,
SURVEY,2005,YEAR,,COUNTY,OHIO,39,NORTH CENTRAL,20,SANDUSKY,143,,,0,,TOMATOES,"TOMATOES, IN THE OPEN, PROCESSING - YIELD, MEASURED IN TONS / ACRE",TOTAL,NOT SPECIFIED,20.54,
SURVEY,2006,YEAR,,COUNTY,OHIO,39,WEST CENTRAL,40,OTHER (COMBINED) COUNTIES,,,,0,,TOMATOES,"TOMATOES, IN THE OPEN, PROCESSING - YIELD, MEASURED IN TONS / ACRE",TOTAL,NOT SPECIFIED,20.57,
SURVEY,1977,YEAR,,COUNTY,OHIO,39,NORTHWEST,10,OTHER (COMBINED) COUNTIES,,,,0,,TOMATOES,"TOMATOES, IN THE OPEN, PROCESSING - YIELD, MEASURED IN TONS / ACRE",TOTAL,NOT SPECIFIED,20.6,
SURVEY,1993,YEAR,,COUNTY,OHIO,39,WEST CENTRAL,40,MIAMI,109,,,0,,TOMATOES,"TOMATOES, IN THE OPEN, PROCESSING - YIELD, MEASURED IN TONS / ACRE",TOTAL,NOT SPECIFIED,20.65,
SURVEY,1993,YEAR,,COUNTY,OHIO,39,NORTH CENTRAL,20,OTTAWA,123,,,0,,TOMATOES,"TOMATOES, IN THE OPEN, PROCESSING - YIELD, MEASURED IN TONS / ACRE",TOTAL,NOT SPECIFIED,20.68,
SURVEY,1991,YEAR,,COUNTY,OHIO,39,NORTHWEST,10,PUTNAM,137,,,0,,TOMATOES,"TOMATOES, IN THE OPEN, PROCESSING - YIELD, MEASURED IN TONS / ACRE",TOTAL,NOT SPECIFIED,20.8,
SURVEY,1988,YEAR,,COUNTY,OHIO,39,NORTHWEST,10,OTHER (COMBINED) COUNTIES,,,,0,,TOMATOES,"TOMATOES, IN THE OPEN, PROCESSING - YIELD, MEASURED IN TONS / ACRE",TOTAL,NOT SPECIFIED,20.84,
SURVEY,1991,YEAR,,COUNTY,OHIO,39,NORTHWEST,10,HANCOCK,63,,,0,,TOMATOES,"TOMATOES, IN THE OPEN, PROCESSING - YIELD, MEASURED IN TONS / ACRE",TOTAL,NOT SPECIFIED,21.01,
SURVEY,1991,YEAR,,COUNTY,OHIO,39,NORTHWEST,10,WILLIAMS,171,,,0,,TOMATOES,"TOMATOES, IN THE OPEN, PROCESSING - YIELD, MEASURED IN TONS / ACRE",TOTAL,NOT SPECIFIED,21.13,
SURVEY,1991,YEAR,,COUNTY,OHIO,39,WEST CENTRAL,40,MIAMI,109,,,0,,TOMATOES,"TOMATOES, IN THE OPEN, PROCESSING - YIELD, MEASURED IN TONS / ACRE",TOTAL,NOT SPECIFIED,21.21,
SURVEY,1992,YEAR,,COUNTY,OHIO,39,WEST CENTRAL,40,DARKE,37,,,0,,TOMATOES,"TOMATOES, IN THE OPEN, PROCESSING - YIELD, MEASURED IN TONS / ACRE",TOTAL,NOT SPECIFIED,21.43,
SURVEY,1991,YEAR,,COUNTY,OHIO,39,NORTHWEST,10,HENRY,69,,,0,,TOMATOES,"TOMATOES, IN THE OPEN, PROCESSING - YIELD, MEASURED IN TONS / ACRE",TOTAL,NOT SPECIFIED,21.52,
SURVEY,1983,YEAR,,COUNTY,OHIO,39,NORTHWEST,10,OTHER (COMBINED) COUNTIES,,,,0,,TOMATOES,"TOMATOES, IN THE OPEN, PROCESSING - YIELD, MEASURED IN TONS / ACRE",TOTAL,NOT SPECIFIED,21.56,
SURVEY,2006,YEAR,,COUNTY,OHIO,39,NORTHWEST,10,WOOD,173,,,0,,TOMATOES,"TOMATOES, IN THE OPEN, PROCESSING - YIELD, MEASURED IN TONS / ACRE",TOTAL,NOT SPECIFIED,21.59,
SURVEY,1993,YEAR,,COUNTY,OHIO,39,NORTHWEST,10,HENRY,69,,,0,,TOMATOES,"TOMATOES, IN THE OPEN, PROCESSING - YIELD, MEASURED IN TONS / ACRE",TOTAL,NOT SPECIFIED,21.81,
SURVEY,1991,YEAR,,COUNTY,OHIO,39,NORTHWEST,10,FULTON,51,,,0,,TOMATOES,"TOMATOES, IN THE OPEN, PROCESSING - YIELD, MEASURED IN TONS / ACRE",TOTAL,NOT SPECIFIED,21.81,
SURVEY,1991,YEAR,,COUNTY,OHIO,39,NORTHWEST,10,ALLEN,3,,,0,,TOMATOES,"TOMATOES, IN THE OPEN, PROCESSING - YIELD, MEASURED IN TONS / ACRE",TOTAL,NOT SPECIFIED,21.93,
SURVEY,1993,YEAR,,COUNTY,OHIO,39,SOUTHWEST,70,OTHER (COMBINED) COUNTIES,,,,0,,TOMATOES,"TOMATOES, IN THE OPEN, PROCESSING - YIELD, MEASURED IN TONS / ACRE",TOTAL,NOT SPECIFIED,22,
SURVEY,2005,YEAR,,COUNTY,OHIO,39,WEST CENTRAL,40,OTHER (COMBINED) COUNTIES,,,,0,,TOMATOES,"TOMATOES, IN THE OPEN, PROCESSING - YIELD, MEASURED IN TONS / ACRE",TOTAL,NOT SPECIFIED,22.19,
SURVEY,2003,YEAR,,COUNTY,OHIO,39,WEST CENTRAL,40,DARKE,37,,,0,,TOMATOES,"TOMATOES, IN THE OPEN, PROCESSING - YIELD, MEASURED IN TONS / ACRE",TOTAL,NOT SPECIFIED,22.22,
SURVEY,1992,YEAR,,COUNTY,OHIO,39,NORTHWEST,10,ALLEN,3,,,0,,TOMATOES,"TOMATOES, IN THE OPEN, PROCESSING - YIELD, MEASURED IN TONS / ACRE",TOTAL,NOT SPECIFIED,22.3,
SURVEY,1991,YEAR,,COUNTY,OHIO,39,SOUTHWEST,70,CLINTON,27,,,0,,TOMATOES,"TOMATOES, IN THE OPEN, PROCESSING - YIELD, MEASURED IN TONS / ACRE",TOTAL,NOT SPECIFIED,22.3,
SURVEY,1998,YEAR,,COUNTY,OHIO,39,WEST CENTRAL,40,OTHER (COMBINED) COUNTIES,,,,0,,TOMATOES,"TOMATOES, IN THE OPEN, PROCESSING - YIELD, MEASURED IN TONS / ACRE",TOTAL,NOT SPECIFIED,22.4,
SURVEY,1989,YEAR,,COUNTY,OHIO,39,NORTHWEST,10,OTHER (COMBINED) COUNTIES,,,,0,,TOMATOES,"TOMATOES, IN THE OPEN, PROCESSING - YIELD, MEASURED IN TONS / ACRE",TOTAL,NOT SPECIFIED,22.4,
SURVEY,1992,YEAR,,COUNTY,OHIO,39,CENTRAL,50,FAYETTE,47,,,0,,TOMATOES,"TOMATOES, IN THE OPEN, PROCESSING - YIELD, MEASURED IN TONS / ACRE",TOTAL,NOT SPECIFIED,22.48,
SURVEY,1992,YEAR,,COUNTY,OHIO,39,NORTHWEST,10,DEFIANCE,39,,,0,,TOMATOES,"TOMATOES, IN THE OPEN, PROCESSING - YIELD, MEASURED IN TONS / ACRE",TOTAL,NOT SPECIFIED,22.69,
SURVEY,1991,YEAR,,COUNTY,OHIO,39,NORTH CENTRAL,20,OTTAWA,123,,,0,,TOMATOES,"TOMATOES, IN THE OPEN, PROCESSING - YIELD, MEASURED IN TONS / ACRE",TOTAL,NOT SPECIFIED,22.72,
SURVEY,1989,YEAR,,COUNTY,OHIO,39,NORTH CENTRAL,20,OTHER (COMBINED) COUNTIES,,,,0,,TOMATOES,"TOMATOES, IN THE OPEN, PROCESSING - YIELD, MEASURED IN TONS / ACRE",TOTAL,NOT SPECIFIED,22.83,
SURVEY,1993,YEAR,,COUNTY,OHIO,39,NORTHWEST,10,FULTON,51,,,0,,TOMATOES,"TOMATOES, IN THE OPEN, PROCESSING - YIELD, MEASURED IN TONS / ACRE",TOTAL,NOT SPECIFIED,22.88,
SURVEY,1992,YEAR,,COUNTY,OHIO,39,SOUTHWEST,70,OTHER (COMBINED) COUNTIES,,,,0,,TOMATOES,"TOMATOES, IN THE OPEN, PROCESSING - YIELD, MEASURED IN TONS / ACRE",TOTAL,NOT SPECIFIED,23,
SURVEY,1992,YEAR,,COUNTY,OHIO,39,NORTHWEST,10,LUCAS,95,,,0,,TOMATOES,"TOMATOES, IN THE OPEN, PROCESSING - YIELD, MEASURED IN TONS / ACRE",TOTAL,NOT SPECIFIED,23.03,
SURVEY,1994,YEAR,,COUNTY,OHIO,39,NORTHWEST,10,OTHER (COMBINED) COUNTIES,,,,0,,TOMATOES,"TOMATOES, IN THE OPEN, PROCESSING - YIELD, MEASURED IN TONS / ACRE",TOTAL,NOT SPECIFIED,23.19,
SURVEY,1976,YEAR,,COUNTY,OHIO,39,NORTHWEST,10,OTHER (COMBINED) COUNTIES,,,,0,,TOMATOES,"TOMATOES, IN THE OPEN, PROCESSING - YIELD, MEASURED IN TONS / ACRE",TOTAL,NOT SPECIFIED,23.23,
SURVEY,1993,YEAR,,COUNTY,OHIO,39,NORTH CENTRAL,20,SANDUSKY,143,,,0,,TOMATOES,"TOMATOES, IN THE OPEN, PROCESSING - YIELD, MEASURED IN TONS / ACRE",TOTAL,NOT SPECIFIED,23.27,
SURVEY,1999,YEAR,,COUNTY,OHIO,39,WEST CENTRAL,40,OTHER (COMBINED) COUNTIES,,,,0,,TOMATOES,"TOMATOES, IN THE OPEN, PROCESSING - YIELD, MEASURED IN TONS / ACRE",TOTAL,NOT SPECIFIED,23.28,
SURVEY,1995,YEAR,,COUNTY,OHIO,39,NORTH CENTRAL,20,OTHER (COMBINED) COUNTIES,,,,0,,TOMATOES,"TOMATOES, IN THE OPEN, PROCESSING - YIELD, MEASURED IN TONS / ACRE",TOTAL,NOT SPECIFIED,23.33,
SURVEY,2000,YEAR,,COUNTY,OHIO,39,WEST CENTRAL,40,OTHER (COMBINED) COUNTIES,,,,0,,TOMATOES,"TOMATOES, IN THE OPEN, PROCESSING - YIELD, MEASURED IN TONS / ACRE",TOTAL,NOT SPECIFIED,23.41,
SURVEY,1997,YEAR,,COUNTY,OHIO,39,WEST CENTRAL,40,OTHER (COMBINED) COUNTIES,,,,0,,TOMATOES,"TOMATOES, IN THE OPEN, PROCESSING - YIELD, MEASURED IN TONS / ACRE",TOTAL,NOT SPECIFIED,23.42,
SURVEY,2004,YEAR,,COUNTY,OHIO,39,NORTHWEST,10,WOOD,173,,,0,,TOMATOES,"TOMATOES, IN THE OPEN, PROCESSING - YIELD, MEASURED IN TONS / ACRE",TOTAL,NOT SPECIFIED,23.45,
SURVEY,1998,YEAR,,COUNTY,OHIO,39,WEST CENTRAL,40,DARKE,37,,,0,,TOMATOES,"TOMATOES, IN THE OPEN, PROCESSING - YIELD, MEASURED IN TONS / ACRE",TOTAL,NOT SPECIFIED,23.61,
SURVEY,1991,YEAR,,COUNTY,OHIO,39,NORTHWEST,10,DEFIANCE,39,,,0,,TOMATOES,"TOMATOES, IN THE OPEN, PROCESSING - YIELD, MEASURED IN TONS / ACRE",TOTAL,NOT SPECIFIED,23.75,
SURVEY,1983,YEAR,,COUNTY,OHIO,39,NORTH CENTRAL,20,OTHER (COMBINED) COUNTIES,,,,0,,TOMATOES,"TOMATOES, IN THE OPEN, PROCESSING - YIELD, MEASURED IN TONS / ACRE",TOTAL,NOT SPECIFIED,23.77,
SURVEY,2002,YEAR,,COUNTY,OHIO,39,NORTHWEST,10,WOOD,173,,,0,,TOMATOES,"TOMATOES, IN THE OPEN, PROCESSING - YIELD, MEASURED IN TONS / ACRE",TOTAL,NOT SPECIFIED,23.8,
SURVEY,2002,YEAR,,COUNTY,OHIO,39,NORTHWEST,10,PUTNAM,137,,,0,,TOMATOES,"TOMATOES, IN THE OPEN, PROCESSING - YIELD, MEASURED IN TONS / ACRE",TOTAL,NOT SPECIFIED,23.84,
SURVEY,1997,YEAR,,COUNTY,OHIO,39,WEST CENTRAL,40,DARKE,37,,,0,,TOMATOES,"TOMATOES, IN THE OPEN, PROCESSING - YIELD, MEASURED IN TONS / ACRE",TOTAL,NOT SPECIFIED,23.84,
SURVEY,2002,YEAR,,COUNTY,OHIO,39,NORTH CENTRAL,20,OTHER (COMBINED) COUNTIES,,,,0,,TOMATOES,"TOMATOES, IN THE OPEN, PROCESSING - YIELD, MEASURED IN TONS / ACRE",TOTAL,NOT SPECIFIED,23.89,
SURVEY,1984,YEAR,,COUNTY,OHIO,39,NORTHWEST,10,OTHER (COMBINED) COUNTIES,,,,0,,TOMATOES,"TOMATOES, IN THE OPEN, PROCESSING - YIELD, MEASURED IN TONS / ACRE",TOTAL,NOT SPECIFIED,24.24,
SURVEY,1991,YEAR,,COUNTY,OHIO,39,CENTRAL,50,OTHER (COMBINED) COUNTIES,,,,0,,TOMATOES,"TOMATOES, IN THE OPEN, PROCESSING - YIELD, MEASURED IN TONS / ACRE",TOTAL,NOT SPECIFIED,24.25,
SURVEY,1986,YEAR,,COUNTY,OHIO,39,NORTHWEST,10,OTHER (COMBINED) COUNTIES,,,,0,,TOMATOES,"TOMATOES, IN THE OPEN, PROCESSING - YIELD, MEASURED IN TONS / ACRE",TOTAL,NOT SPECIFIED,24.29,
SURVEY,1996,YEAR,,COUNTY,OHIO,39,NORTHWEST,10,WILLIAMS,171,,,0,,TOMATOES,"TOMATOES, IN THE OPEN, PROCESSING - YIELD, MEASURED IN TONS / ACRE",TOTAL,NOT SPECIFIED,24.35,
SURVEY,2002,YEAR,,COUNTY,OHIO,39,NORTH CENTRAL,20,SANDUSKY,143,,,0,,TOMATOES,"TOMATOES, IN THE OPEN, PROCESSING - YIELD, MEASURED IN TONS / ACRE",TOTAL,NOT SPECIFIED,24.38,
SURVEY,1991,YEAR,,COUNTY,OHIO,39,NORTHWEST,10,OTHER (COMBINED) COUNTIES,,,,0,,TOMATOES,"TOMATOES, IN THE OPEN, PROCESSING - YIELD, MEASURED IN TONS / ACRE",TOTAL,NOT SPECIFIED,24.38,
SURVEY,1991,YEAR,,COUNTY,OHIO,39,NORTH CENTRAL,20,OTHER (COMBINED) COUNTIES,,,,0,,TOMATOES,"TOMATOES, IN THE OPEN, PROCESSING - YIELD, MEASURED IN TONS / ACRE",TOTAL,NOT SPECIFIED,24.44,
SURVEY,1992,YEAR,,COUNTY,OHIO,39,NORTHWEST,10,PUTNAM,137,,,0,,TOMATOES,"TOMATOES, IN THE OPEN, PROCESSING - YIELD, MEASURED IN TONS / ACRE",TOTAL,NOT SPECIFIED,24.46,
SURVEY,2002,YEAR,,COUNTY,OHIO,39,WEST CENTRAL,40,DARKE,37,,,0,,TOMATOES,"TOMATOES, IN THE OPEN, PROCESSING - YIELD, MEASURED IN TONS / ACRE",TOTAL,NOT SPECIFIED,24.5,
SURVEY,1998,YEAR,,COUNTY,OHIO,39,NORTH CENTRAL,20,OTHER (COMBINED) COUNTIES,,,,0,,TOMATOES,"TOMATOES, IN THE OPEN, PROCESSING - YIELD, MEASURED IN TONS / ACRE",TOTAL,NOT SPECIFIED,24.5,
SURVEY,1991,YEAR,,COUNTY,OHIO,39,WEST CENTRAL,40,OTHER (COMBINED) COUNTIES,,,,0,,TOMATOES,"TOMATOES, IN THE OPEN, PROCESSING - YIELD, MEASURED IN TONS / ACRE",TOTAL,NOT SPECIFIED,24.5,
SURVEY,1999,YEAR,,COUNTY,OHIO,39,NORTH CENTRAL,20,SANDUSKY,143,,,0,,TOMATOES,"TOMATOES, IN THE OPEN, PROCESSING - YIELD, MEASURED IN TONS / ACRE",TOTAL,NOT SPECIFIED,24.51,
SURVEY,2003,YEAR,,COUNTY,OHIO,39,WEST CENTRAL,40,OTHER (COMBINED) COUNTIES,,,,0,,TOMATOES,"TOMATOES, IN THE OPEN, PROCESSING - YIELD, MEASURED IN TONS / ACRE",TOTAL,NOT SPECIFIED,24.59,
SURVEY,1998,YEAR,,COUNTY,OHIO,39,NORTHWEST,10,HENRY,69,,,0,,TOMATOES,"TOMATOES, IN THE OPEN, PROCESSING - YIELD, MEASURED IN TONS / ACRE",TOTAL,NOT SPECIFIED,24.6,
SURVEY,2001,YEAR,,COUNTY,OHIO,39,WEST CENTRAL,40,OTHER (COMBINED) COUNTIES,,,,0,,TOMATOES,"TOMATOES, IN THE OPEN, PROCESSING - YIELD, MEASURED IN TONS / ACRE",TOTAL,NOT SPECIFIED,24.62,
SURVEY,1995,YEAR,,COUNTY,OHIO,39,NORTHWEST,10,OTHER (COMBINED) COUNTIES,,,,0,,TOMATOES,"TOMATOES, IN THE OPEN, PROCESSING - YIELD, MEASURED IN TONS / ACRE",TOTAL,NOT SPECIFIED,24.63,
SURVEY,2002,YEAR,,COUNTY,OHIO,39,NORTHWEST,10,HENRY,69,,,0,,TOMATOES,"TOMATOES, IN THE OPEN, PROCESSING - YIELD, MEASURED IN TONS / ACRE",TOTAL,NOT SPECIFIED,24.69,
SURVEY,2001,YEAR,,COUNTY,OHIO,39,NORTHWEST,10,WOOD,173,,,0,,TOMATOES,"TOMATOES, IN THE OPEN, PROCESSING - YIELD, MEASURED IN TONS / ACRE",TOTAL,NOT SPECIFIED,24.84,
SURVEY,1993,YEAR,,COUNTY,OHIO,39,NORTHWEST,10,ALLEN,3,,,0,,TOMATOES,"TOMATOES, IN THE OPEN, PROCESSING - YIELD, MEASURED IN TONS / ACRE",TOTAL,NOT SPECIFIED,24.89,
SURVEY,2002,YEAR,,COUNTY,OHIO,39,NORTHWEST,10,OTHER (COMBINED) COUNTIES,,,,0,,TOMATOES,"TOMATOES, IN THE OPEN, PROCESSING - YIELD, MEASURED IN TONS / ACRE",TOTAL,NOT SPECIFIED,24.93,
SURVEY,2002,YEAR,,COUNTY,OHIO,39,NORTHWEST,10,FULTON,51,,,0,,TOMATOES,"TOMATOES, IN THE OPEN, PROCESSING - YIELD, MEASURED IN TONS / ACRE",TOTAL,NOT SPECIFIED,25.13,
SURVEY,1992,YEAR,,COUNTY,OHIO,39,NORTHWEST,10,WOOD,173,,,0,,TOMATOES,"TOMATOES, IN THE OPEN, PROCESSING - YIELD, MEASURED IN TONS / ACRE",TOTAL,NOT SPECIFIED,25.14,
SURVEY,1991,YEAR,,COUNTY,OHIO,39,NORTH CENTRAL,20,HURON,77,,,0,,TOMATOES,"TOMATOES, IN THE OPEN, PROCESSING - YIELD, MEASURED IN TONS / ACRE",TOTAL,NOT SPECIFIED,25.27,
SURVEY,1991,YEAR,,COUNTY,OHIO,39,NORTH CENTRAL,20,SANDUSKY,143,,,0,,TOMATOES,"TOMATOES, IN THE OPEN, PROCESSING - YIELD, MEASURED IN TONS / ACRE",TOTAL,NOT SPECIFIED,25.3,
SURVEY,1985,YEAR,,COUNTY,OHIO,39,NORTHWEST,10,OTHER (COMBINED) COUNTIES,,,,0,,TOMATOES,"TOMATOES, IN THE OPEN, PROCESSING - YIELD, MEASURED IN TONS / ACRE",TOTAL,NOT SPECIFIED,25.34,
SURVEY,1990,YEAR,,COUNTY,OHIO,39,NORTHWEST,10,OTHER (COMBINED) COUNTIES,,,,0,,TOMATOES,"TOMATOES, IN THE OPEN, PROCESSING - YIELD, MEASURED IN TONS / ACRE",TOTAL,NOT SPECIFIED,25.46,
SURVEY,1992,YEAR,,COUNTY,OHIO,39,NORTH CENTRAL,20,OTHER (COMBINED) COUNTIES,,,,0,,TOMATOES,"TOMATOES, IN THE OPEN, PROCESSING - YIELD, MEASURED IN TONS / ACRE",TOTAL,NOT SPECIFIED,25.5,
SURVEY,1995,YEAR,,COUNTY,OHIO,39,NORTHWEST,10,PUTNAM,137,,,0,,TOMATOES,"TOMATOES, IN THE OPEN, PROCESSING - YIELD, MEASURED IN TONS / ACRE",TOTAL,NOT SPECIFIED,25.68,
SURVEY,1998,YEAR,,COUNTY,OHIO,39,NORTH CENTRAL,20,SANDUSKY,143,,,0,,TOMATOES,"TOMATOES, IN THE OPEN, PROCESSING - YIELD, MEASURED IN TONS / ACRE",TOTAL,NOT SPECIFIED,25.69,
SURVEY,1999,YEAR,,COUNTY,OHIO,39,NORTH CENTRAL,20,OTHER (COMBINED) COUNTIES,,,,0,,TOMATOES,"TOMATOES, IN THE OPEN, PROCESSING - YIELD, MEASURED IN TONS / ACRE",TOTAL,NOT SPECIFIED,25.71,
SURVEY,2004,YEAR,,COUNTY,OHIO,39,NORTH CENTRAL,20,SANDUSKY,143,,,0,,TOMATOES,"TOMATOES, IN THE OPEN, PROCESSING - YIELD, MEASURED IN TONS / ACRE",TOTAL,NOT SPECIFIED,25.76,
SURVEY,2006,YEAR,,COUNTY,OHIO,39,NORTH CENTRAL,20,OTTAWA,123,,,0,,TOMATOES,"TOMATOES, IN THE OPEN, PROCESSING - YIELD, MEASURED IN TONS / ACRE",TOTAL,NOT SPECIFIED,25.78,
SURVEY,2001,YEAR,,COUNTY,OHIO,39,NORTH CENTRAL,20,SANDUSKY,143,,,0,,TOMATOES,"TOMATOES, IN THE OPEN, PROCESSING - YIELD, MEASURED IN TONS / ACRE",TOTAL,NOT SPECIFIED,25.78,
SURVEY,2005,YEAR,,COUNTY,OHIO,39,WEST CENTRAL,40,DARKE,37,,,0,,TOMATOES,"TOMATOES, IN THE OPEN, PROCESSING - YIELD, MEASURED IN TONS / ACRE",TOTAL,NOT SPECIFIED,25.79,
SURVEY,1984,YEAR,,COUNTY,OHIO,39,NORTH CENTRAL,20,OTHER (COMBINED) COUNTIES,,,,0,,TOMATOES,"TOMATOES, IN THE OPEN, PROCESSING - YIELD, MEASURED IN TONS / ACRE",TOTAL,NOT SPECIFIED,25.8,
SURVEY,2001,YEAR,,COUNTY,OHIO,39,NORTHWEST,10,HENRY,69,,,0,,TOMATOES,"TOMATOES, IN THE OPEN, PROCESSING - YIELD, MEASURED IN TONS / ACRE",TOTAL,NOT SPECIFIED,25.83,
SURVEY,1995,YEAR,,COUNTY,OHIO,39,NORTH CENTRAL,20,SANDUSKY,143,,,0,,TOMATOES,"TOMATOES, IN THE OPEN, PROCESSING - YIELD, MEASURED IN TONS / ACRE",TOTAL,NOT SPECIFIED,25.86,
SURVEY,2005,YEAR,,COUNTY,OHIO,39,NORTHWEST,10,WOOD,173,,,0,,TOMATOES,"TOMATOES, IN THE OPEN, PROCESSING - YIELD, MEASURED IN TONS / ACRE",TOTAL,NOT SPECIFIED,25.89,
SURVEY,1994,YEAR,,COUNTY,OHIO,39,WEST CENTRAL,40,MIAMI,109,,,0,,TOMATOES,"TOMATOES, IN THE OPEN, PROCESSING - YIELD, MEASURED IN TONS / ACRE",TOTAL,NOT SPECIFIED,25.94,
SURVEY,1998,YEAR,,COUNTY,OHIO,39,NORTHWEST,10,PUTNAM,137,,,0,,TOMATOES,"TOMATOES, IN THE OPEN, PROCESSING - YIELD, MEASURED IN TONS / ACRE",TOTAL,NOT SPECIFIED,25.98,
SURVEY,2004,YEAR,,COUNTY,OHIO,39,WEST CENTRAL,40,DARKE,37,,,0,,TOMATOES,"TOMATOES, IN THE OPEN, PROCESSING - YIELD, MEASURED IN TONS / ACRE",TOTAL,NOT SPECIFIED,26,
SURVEY,1998,YEAR,,COUNTY,OHIO,39,NORTH CENTRAL,20,OTTAWA,123,,,0,,TOMATOES,"TOMATOES, IN THE OPEN, PROCESSING - YIELD, MEASURED IN TONS / ACRE",TOTAL,NOT SPECIFIED,26.17,
SURVEY,1999,YEAR,,COUNTY,OHIO,39,NORTHWEST,10,HENRY,69,,,0,,TOMATOES,"TOMATOES, IN THE OPEN, PROCESSING - YIELD, MEASURED IN TONS / ACRE",TOTAL,NOT SPECIFIED,26.2,
SURVEY,2007,YEAR,,COUNTY,OHIO,39,NORTHWEST,10,FULTON,51,,,0,,TOMATOES,"TOMATOES, IN THE OPEN, PROCESSING - YIELD, MEASURED IN TONS / ACRE",TOTAL,NOT SPECIFIED,26.25,
SURVEY,2006,YEAR,,COUNTY,OHIO,39,NORTHWEST,10,OTHER (COMBINED) COUNTIES,,,,0,,TOMATOES,"TOMATOES, IN THE OPEN, PROCESSING - YIELD, MEASURED IN TONS / ACRE",TOTAL,NOT SPECIFIED,26.25,
SURVEY,2000,YEAR,,COUNTY,OHIO,39,NORTH CENTRAL,20,SANDUSKY,143,,,0,,TOMATOES,"TOMATOES, IN THE OPEN, PROCESSING - YIELD, MEASURED IN TONS / ACRE",TOTAL,NOT SPECIFIED,26.28,
SURVEY,2001,YEAR,,COUNTY,OHIO,39,WEST CENTRAL,40,DARKE,37,,,0,,TOMATOES,"TOMATOES, IN THE OPEN, PROCESSING - YIELD, MEASURED IN TONS / ACRE",TOTAL,NOT SPECIFIED,26.31,
SURVEY,2006,YEAR,,COUNTY,OHIO,39,NORTHWEST,10,FULTON,51,,,0,,TOMATOES,"TOMATOES, IN THE OPEN, PROCESSING - YIELD, MEASURED IN TONS / ACRE",TOTAL,NOT SPECIFIED,26.37,
SURVEY,1995,YEAR,,COUNTY,OHIO,39,NORTHWEST,10,WOOD,173,,,0,,TOMATOES,"TOMATOES, IN THE OPEN, PROCESSING - YIELD, MEASURED IN TONS / ACRE",TOTAL,NOT SPECIFIED,26.5,
SURVEY,2001,YEAR,,COUNTY,OHIO,39,NORTHWEST,10,FULTON,51,,,0,,TOMATOES,"TOMATOES, IN THE OPEN, PROCESSING - YIELD, MEASURED IN TONS / ACRE",TOTAL,NOT SPECIFIED,26.53,
SURVEY,1993,YEAR,,COUNTY,OHIO,39,NORTH CENTRAL,20,SENECA,147,,,0,,TOMATOES,"TOMATOES, IN THE OPEN, PROCESSING - YIELD, MEASURED IN TONS / ACRE",TOTAL,NOT SPECIFIED,26.58,
SURVEY,1996,YEAR,,COUNTY,OHIO,39,NORTH CENTRAL,20,OTTAWA,123,,,0,,TOMATOES,"TOMATOES, IN THE OPEN, PROCESSING - YIELD, MEASURED IN TONS / ACRE",TOTAL,NOT SPECIFIED,26.6,
SURVEY,1999,YEAR,,COUNTY,OHIO,39,NORTHWEST,10,PUTNAM,137,,,0,,TOMATOES,"TOMATOES, IN THE OPEN, PROCESSING - YIELD, MEASURED IN TONS / ACRE",TOTAL,NOT SPECIFIED,26.66,
SURVEY,2000,YEAR,,COUNTY,OHIO,39,NORTH CENTRAL,20,OTHER (COMBINED) COUNTIES,,,,0,,TOMATOES,"TOMATOES, IN THE OPEN, PROCESSING - YIELD, MEASURED IN TONS / ACRE",TOTAL,NOT SPECIFIED,26.67,
SURVEY,1995,YEAR,,COUNTY,OHIO,39,NORTH CENTRAL,20,SENECA,147,,,0,,TOMATOES,"TOMATOES, IN THE OPEN, PROCESSING - YIELD, MEASURED IN TONS / ACRE",TOTAL,NOT SPECIFIED,26.73,
SURVEY,1995,YEAR,,COUNTY,OHIO,39,NORTH CENTRAL,20,OTTAWA,123,,,0,,TOMATOES,"TOMATOES, IN THE OPEN, PROCESSING - YIELD, MEASURED IN TONS / ACRE",TOTAL,NOT SPECIFIED,26.74,
SURVEY,1995,YEAR,,COUNTY,OHIO,39,NORTHWEST,10,HENRY,69,,,0,,TOMATOES,"TOMATOES, IN THE OPEN, PROCESSING - YIELD, MEASURED IN TONS / ACRE",TOTAL,NOT SPECIFIED,26.74,
SURVEY,1997,YEAR,,COUNTY,OHIO,39,NORTHWEST,10,PUTNAM,137,,,0,,TOMATOES,"TOMATOES, IN THE OPEN, PROCESSING - YIELD, MEASURED IN TONS / ACRE",TOTAL,NOT SPECIFIED,26.84,
SURVEY,1992,YEAR,,COUNTY,OHIO,39,NORTHWEST,10,WILLIAMS,171,,,0,,TOMATOES,"TOMATOES, IN THE OPEN, PROCESSING - YIELD, MEASURED IN TONS / ACRE",TOTAL,NOT SPECIFIED,26.85,
SURVEY,1994,YEAR,,COUNTY,OHIO,39,WEST CENTRAL,40,DARKE,37,,,0,,TOMATOES,"TOMATOES, IN THE OPEN, PROCESSING - YIELD, MEASURED IN TONS / ACRE",TOTAL,NOT SPECIFIED,26.88,
SURVEY,1985,YEAR,,COUNTY,OHIO,39,NORTH CENTRAL,20,OTHER (COMBINED) COUNTIES,,,,0,,TOMATOES,"TOMATOES, IN THE OPEN, PROCESSING - YIELD, MEASURED IN TONS / ACRE",TOTAL,NOT SPECIFIED,26.88,
SURVEY,1999,YEAR,,COUNTY,OHIO,39,NORTHWEST,10,WOOD,173,,,0,,TOMATOES,"TOMATOES, IN THE OPEN, PROCESSING - YIELD, MEASURED IN TONS / ACRE",TOTAL,NOT SPECIFIED,27.05,
SURVEY,1992,YEAR,,COUNTY,OHIO,39,WEST CENTRAL,40,MIAMI,109,,,0,,TOMATOES,"TOMATOES, IN THE OPEN, PROCESSING - YIELD, MEASURED IN TONS / ACRE",TOTAL,NOT SPECIFIED,27.16,
SURVEY,1992,YEAR,,COUNTY,OHIO,39,NORTHWEST,10,FULTON,51,,,0,,TOMATOES,"TOMATOES, IN THE OPEN, PROCESSING - YIELD, MEASURED IN TONS / ACRE",TOTAL,NOT SPECIFIED,27.17,
SURVEY,2001,YEAR,,COUNTY,OHIO,39,NORTHWEST,10,OTHER (COMBINED) COUNTIES,,,,0,,TOMATOES,"TOMATOES, IN THE OPEN, PROCESSING - YIELD, MEASURED IN TONS / ACRE",TOTAL,NOT SPECIFIED,27.2,
SURVEY,1991,YEAR,,COUNTY,OHIO,39,NORTH CENTRAL,20,SENECA,147,,,0,,TOMATOES,"TOMATOES, IN THE OPEN, PROCESSING - YIELD, MEASURED IN TONS / ACRE",TOTAL,NOT SPECIFIED,27.41,
SURVEY,1996,YEAR,,COUNTY,OHIO,39,WEST CENTRAL,40,DARKE,37,,,0,,TOMATOES,"TOMATOES, IN THE OPEN, PROCESSING - YIELD, MEASURED IN TONS / ACRE",TOTAL,NOT SPECIFIED,27.43,
SURVEY,1999,YEAR,,COUNTY,OHIO,39,NORTHWEST,10,OTHER (COMBINED) COUNTIES,,,,0,,TOMATOES,"TOMATOES, IN THE OPEN, PROCESSING - YIELD, MEASURED IN TONS / ACRE",TOTAL,NOT SPECIFIED,27.48,
SURVEY,2001,YEAR,,COUNTY,OHIO,39,NORTHWEST,10,PUTNAM,137,,,0,,TOMATOES,"TOMATOES, IN THE OPEN, PROCESSING - YIELD, MEASURED IN TONS / ACRE",TOTAL,NOT SPECIFIED,27.51,
SURVEY,1992,YEAR,,COUNTY,OHIO,39,NORTH CENTRAL,20,SANDUSKY,143,,,0,,TOMATOES,"TOMATOES, IN THE OPEN, PROCESSING - YIELD, MEASURED IN TONS / ACRE",TOTAL,NOT SPECIFIED,27.64,
SURVEY,2007,YEAR,,COUNTY,OHIO,39,NORTHWEST,10,PUTNAM,137,,,0,,TOMATOES,"TOMATOES, IN THE OPEN, PROCESSING - YIELD, MEASURED IN TONS / ACRE",TOTAL,NOT SPECIFIED,27.76,
SURVEY,2006,YEAR,,COUNTY,OHIO,39,WEST CENTRAL,40,DARKE,37,,,0,,TOMATOES,"TOMATOES, IN THE OPEN, PROCESSING - YIELD, MEASURED IN TONS / ACRE",TOTAL,NOT SPECIFIED,27.85,
SURVEY,1999,YEAR,,COUNTY,OHIO,39,WEST CENTRAL,40,DARKE,37,,,0,,TOMATOES,"TOMATOES, IN THE OPEN, PROCESSING - YIELD, MEASURED IN TONS / ACRE",TOTAL,NOT SPECIFIED,27.88,
SURVEY,2006,YEAR,,COUNTY,OHIO,39,NORTHWEST,10,HENRY,69,,,0,,TOMATOES,"TOMATOES, IN THE OPEN, PROCESSING - YIELD, MEASURED IN TONS / ACRE",TOTAL,NOT SPECIFIED,27.95,
SURVEY,1992,YEAR,,COUNTY,OHIO,39,NORTHWEST,10,HENRY,69,,,0,,TOMATOES,"TOMATOES, IN THE OPEN, PROCESSING - YIELD, MEASURED IN TONS / ACRE",TOTAL,NOT SPECIFIED,28.09,
SURVEY,1995,YEAR,,COUNTY,OHIO,39,NORTHWEST,10,FULTON,51,,,0,,TOMATOES,"TOMATOES, IN THE OPEN, PROCESSING - YIELD, MEASURED IN TONS / ACRE",TOTAL,NOT SPECIFIED,28.18,
SURVEY,1997,YEAR,,COUNTY,OHIO,39,NORTHWEST,10,OTHER (COMBINED) COUNTIES,,,,0,,TOMATOES,"TOMATOES, IN THE OPEN, PROCESSING - YIELD, MEASURED IN TONS / ACRE",TOTAL,NOT SPECIFIED,28.2,
SURVEY,2000,YEAR,,COUNTY,OHIO,39,NORTHWEST,10,OTHER (COMBINED) COUNTIES,,,,0,,TOMATOES,"TOMATOES, IN THE OPEN, PROCESSING - YIELD, MEASURED IN TONS / ACRE",TOTAL,NOT SPECIFIED,28.27,
SURVEY,1991,YEAR,,COUNTY,OHIO,39,SOUTHWEST,70,GREENE,57,,,0,,TOMATOES,"TOMATOES, IN THE OPEN, PROCESSING - YIELD, MEASURED IN TONS / ACRE",TOTAL,NOT SPECIFIED,28.29,
SURVEY,1991,YEAR,,COUNTY,CALIFORNIA,6,SAN JOAQUIN VALLEY,51,KINGS,31,,,0,,TOMATOES,"TOMATOES, IN THE OPEN, PROCESSING - YIELD, MEASURED IN TONS / ACRE",TOTAL,NOT SPECIFIED,28.44,
SURVEY,1997,YEAR,,COUNTY,OHIO,39,NORTHWEST,10,HENRY,69,,,0,,TOMATOES,"TOMATOES, IN THE OPEN, PROCESSING - YIELD, MEASURED IN TONS / ACRE",TOTAL,NOT SPECIFIED,28.55,
SURVEY,1994,YEAR,,COUNTY,OHIO,39,NORTHWEST,10,FULTON,51,,,0,,TOMATOES,"TOMATOES, IN THE OPEN, PROCESSING - YIELD, MEASURED IN TONS / ACRE",TOTAL,NOT SPECIFIED,28.64,
SURVEY,1997,YEAR,,COUNTY,OHIO,39,NORTHWEST,10,WOOD,173,,,0,,TOMATOES,"TOMATOES, IN THE OPEN, PROCESSING - YIELD, MEASURED IN TONS / ACRE",TOTAL,NOT SPECIFIED,28.69,
SURVEY,1992,YEAR,,COUNTY,OHIO,39,NORTH CENTRAL,20,SENECA,147,,,0,,TOMATOES,"TOMATOES, IN THE OPEN, PROCESSING - YIELD, MEASURED IN TONS / ACRE",TOTAL,NOT SPECIFIED,28.7,
SURVEY,1994,YEAR,,COUNTY,OHIO,39,NORTHWEST,10,PUTNAM,137,,,0,,TOMATOES,"TOMATOES, IN THE OPEN, PROCESSING - YIELD, MEASURED IN TONS / ACRE",TOTAL,NOT SPECIFIED,28.78,
SURVEY,2004,YEAR,,COUNTY,OHIO,39,NORTHWEST,10,PUTNAM,137,,,0,,TOMATOES,"TOMATOES, IN THE OPEN, PROCESSING - YIELD, MEASURED IN TONS / ACRE",TOTAL,NOT SPECIFIED,28.83,
SURVEY,2003,YEAR,,COUNTY,OHIO,39,NORTHWEST,10,WOOD,173,,,0,,TOMATOES,"TOMATOES, IN THE OPEN, PROCESSING - YIELD, MEASURED IN TONS / ACRE",TOTAL,NOT SPECIFIED,28.84,
SURVEY,1998,YEAR,,COUNTY,OHIO,39,NORTHWEST,10,WOOD,173,,,0,,TOMATOES,"TOMATOES, IN THE OPEN, PROCESSING - YIELD, MEASURED IN TONS / ACRE",TOTAL,NOT SPECIFIED,28.91,
SURVEY,1997,YEAR,,COUNTY,OHIO,39,NORTH CENTRAL,20,SANDUSKY,143,,,0,,TOMATOES,"TOMATOES, IN THE OPEN, PROCESSING - YIELD, MEASURED IN TONS / ACRE",TOTAL,NOT SPECIFIED,28.92,
SURVEY,2004,YEAR,,COUNTY,OHIO,39,NORTH CENTRAL,20,OTHER (COMBINED) COUNTIES,,,,0,,TOMATOES,"TOMATOES, IN THE OPEN, PROCESSING - YIELD, MEASURED IN TONS / ACRE",TOTAL,NOT SPECIFIED,28.96,
SURVEY,1994,YEAR,,COUNTY,OHIO,39,NORTHWEST,10,HENRY,69,,,0,,TOMATOES,"TOMATOES, IN THE OPEN, PROCESSING - YIELD, MEASURED IN TONS / ACRE",TOTAL,NOT SPECIFIED,28.97,
SURVEY,2000,YEAR,,COUNTY,OHIO,39,NORTHWEST,10,WOOD,173,,,0,,TOMATOES,"TOMATOES, IN THE OPEN, PROCESSING - YIELD, MEASURED IN TONS / ACRE",TOTAL,NOT SPECIFIED,28.99,
SURVEY,1990,YEAR,,COUNTY,CALIFORNIA,6,SACRAMENTO VALLEY,50,OTHER (COMBINED) COUNTIES,,,,0,,TOMATOES,"TOMATOES, IN THE OPEN, PROCESSING - YIELD, MEASURED IN TONS / ACRE",TOTAL,NOT SPECIFIED,29.1,
SURVEY,1994,YEAR,,COUNTY,OHIO,39,NORTH CENTRAL,20,OTTAWA,123,,,0,,TOMATOES,"TOMATOES, IN THE OPEN, PROCESSING - YIELD, MEASURED IN TONS / ACRE",TOTAL,NOT SPECIFIED,29.16,
SURVEY,2007,YEAR,,COUNTY,OHIO,39,NORTHWEST,10,OTHER (COMBINED) COUNTIES,,,,0,,TOMATOES,"TOMATOES, IN THE OPEN, PROCESSING - YIELD, MEASURED IN TONS / ACRE",TOTAL,NOT SPECIFIED,29.21,
SURVEY,1998,YEAR,,COUNTY,OHIO,39,NORTHWEST,10,OTHER (COMBINED) COUNTIES,,,,0,,TOMATOES,"TOMATOES, IN THE OPEN, PROCESSING - YIELD, MEASURED IN TONS / ACRE",TOTAL,NOT SPECIFIED,29.27,
SURVEY,1996,YEAR,,COUNTY,OHIO,39,NORTHWEST,10,HENRY,69,,,0,,TOMATOES,"TOMATOES, IN THE OPEN, PROCESSING - YIELD, MEASURED IN TONS / ACRE",TOTAL,NOT SPECIFIED,29.33,
SURVEY,2006,YEAR,,COUNTY,OHIO,39,NORTHWEST,10,PUTNAM,137,,,0,,TOMATOES,"TOMATOES, IN THE OPEN, PROCESSING - YIELD, MEASURED IN TONS / ACRE",TOTAL,NOT SPECIFIED,29.34,
SURVEY,2007,YEAR,,COUNTY,OHIO,39,NORTHWEST,10,WOOD,173,,,0,,TOMATOES,"TOMATOES, IN THE OPEN, PROCESSING - YIELD, MEASURED IN TONS / ACRE",TOTAL,NOT SPECIFIED,29.41,
SURVEY,1989,YEAR,,COUNTY,CALIFORNIA,6,SACRAMENTO VALLEY,50,OTHER (COMBINED) COUNTIES,,,,0,,TOMATOES,"TOMATOES, IN THE OPEN, PROCESSING - YIELD, MEASURED IN TONS / ACRE",TOTAL,NOT SPECIFIED,29.51,
SURVEY,2000,YEAR,,COUNTY,OHIO,39,NORTHWEST,10,PUTNAM,137,,,0,,TOMATOES,"TOMATOES, IN THE OPEN, PROCESSING - YIELD, MEASURED IN TONS / ACRE",TOTAL,NOT SPECIFIED,29.55,
SURVEY,1991,YEAR,,COUNTY,CALIFORNIA,6,SACRAMENTO VALLEY,50,SUTTER,101,,,0,,TOMATOES,"TOMATOES, IN THE OPEN, PROCESSING - YIELD, MEASURED IN TONS / ACRE",TOTAL,NOT SPECIFIED,29.55,
SURVEY,2000,YEAR,,COUNTY,OHIO,39,NORTHWEST,10,HENRY,69,,,0,,TOMATOES,"TOMATOES, IN THE OPEN, PROCESSING - YIELD, MEASURED IN TONS / ACRE",TOTAL,NOT SPECIFIED,29.56,
SURVEY,1996,YEAR,,COUNTY,OHIO,39,NORTHWEST,10,PUTNAM,137,,,0,,TOMATOES,"TOMATOES, IN THE OPEN, PROCESSING - YIELD, MEASURED IN TONS / ACRE",TOTAL,NOT SPECIFIED,29.59,
SURVEY,1998,YEAR,,COUNTY,CALIFORNIA,6,SACRAMENTO VALLEY,50,OTHER (COMBINED) COUNTIES,,,,0,,TOMATOES,"TOMATOES, IN THE OPEN, PROCESSING - YIELD, MEASURED IN TONS / ACRE",TOTAL,NOT SPECIFIED,29.75,
SURVEY,1990,YEAR,,COUNTY,CALIFORNIA,6,CENTRAL COAST,40,OTHER (COMBINED) COUNTIES,,,,0,,TOMATOES,"TOMATOES, IN THE OPEN, PROCESSING - YIELD, MEASURED IN TONS / ACRE",TOTAL,NOT SPECIFIED,29.79,
SURVEY,1997,YEAR,,COUNTY,OHIO,39,NORTH CENTRAL,20,OTTAWA,123,,,0,,TOMATOES,"TOMATOES, IN THE OPEN, PROCESSING - YIELD, MEASURED IN TONS / ACRE",TOTAL,NOT SPECIFIED,29.87,
SURVEY,1996,YEAR,,COUNTY,OHIO,39,NORTHWEST,10,OTHER (COMBINED) COUNTIES,,,,0,,TOMATOES,"TOMATOES, IN THE OPEN, PROCESSING - YIELD, MEASURED IN TONS / ACRE",TOTAL,NOT SPECIFIED,30.15,
SURVEY,1992,YEAR,,COUNTY,OHIO,39,NORTH CENTRAL,20,WYANDOT,175,,,0,,TOMATOES,"TOMATOES, IN THE OPEN, PROCESSING - YIELD, MEASURED IN TONS / ACRE",TOTAL,NOT SPECIFIED,30.2,
SURVEY,1991,YEAR,,COUNTY,CALIFORNIA,6,CENTRAL COAST,40,OTHER (COMBINED) COUNTIES,,,,0,,TOMATOES,"TOMATOES, IN THE OPEN, PROCESSING - YIELD, MEASURED IN TONS / ACRE",TOTAL,NOT SPECIFIED,30.24,
SURVEY,1986,YEAR,,COUNTY,OHIO,39,NORTH CENTRAL,20,OTHER (COMBINED) COUNTIES,,,,0,,TOMATOES,"TOMATOES, IN THE OPEN, PROCESSING - YIELD, MEASURED IN TONS / ACRE",TOTAL,NOT SPECIFIED,30.29,
SURVEY,1996,YEAR,,COUNTY,OHIO,39,NORTHWEST,10,WOOD,173,,,0,,TOMATOES,"TOMATOES, IN THE OPEN, PROCESSING - YIELD, MEASURED IN TONS / ACRE",TOTAL,NOT SPECIFIED,30.34,
SURVEY,2007,YEAR,,COUNTY,OHIO,39,NORTH CENTRAL,20,OTHER (COMBINED) COUNTIES,,,,0,,TOMATOES,"TOMATOES, IN THE OPEN, PROCESSING - YIELD, MEASURED IN TONS / ACRE",TOTAL,NOT SPECIFIED,30.35,
SURVEY,1992,YEAR,,COUNTY,OHIO,39,NORTH CENTRAL,20,OTTAWA,123,,,0,,TOMATOES,"TOMATOES, IN THE OPEN, PROCESSING - YIELD, MEASURED IN TONS / ACRE",TOTAL,NOT SPECIFIED,30.35,
SURVEY,1996,YEAR,,COUNTY,OHIO,39,NORTH CENTRAL,20,SANDUSKY,143,,,0,,TOMATOES,"TOMATOES, IN THE OPEN, PROCESSING - YIELD, MEASURED IN TONS / ACRE",TOTAL,NOT SPECIFIED,30.42,
SURVEY,1993,YEAR,,COUNTY,OHIO,39,SOUTHWEST,70,GREENE,57,,,0,,TOMATOES,"TOMATOES, IN THE OPEN, PROCESSING - YIELD, MEASURED IN TONS / ACRE",TOTAL,NOT SPECIFIED,30.47,
SURVEY,1991,YEAR,,COUNTY,CALIFORNIA,6,SACRAMENTO VALLEY,50,YOLO,113,,,0,,TOMATOES,"TOMATOES, IN THE OPEN, PROCESSING - YIELD, MEASURED IN TONS / ACRE",TOTAL,NOT SPECIFIED,30.49,
SURVEY,1990,YEAR,,COUNTY,CALIFORNIA,6,SAN JOAQUIN VALLEY,51,OTHER (COMBINED) COUNTIES,,,,0,,TOMATOES,"TOMATOES, IN THE OPEN, PROCESSING - YIELD, MEASURED IN TONS / ACRE",TOTAL,NOT SPECIFIED,30.57,
SURVEY,1997,YEAR,,COUNTY,OHIO,39,NORTHWEST,10,FULTON,51,,,0,,TOMATOES,"TOMATOES, IN THE OPEN, PROCESSING - YIELD, MEASURED IN TONS / ACRE",TOTAL,NOT SPECIFIED,30.6,
SURVEY,1990,YEAR,,COUNTY,OHIO,39,NORTH CENTRAL,20,OTHER (COMBINED) COUNTIES,,,,0,,TOMATOES,"TOMATOES, IN THE OPEN, PROCESSING - YIELD, MEASURED IN TONS / ACRE",TOTAL,NOT SPECIFIED,30.68,
SURVEY,2003,YEAR,,COUNTY,OHIO,39,NORTH CENTRAL,20,SANDUSKY,143,,,0,,TOMATOES,"TOMATOES, IN THE OPEN, PROCESSING - YIELD, MEASURED IN TONS / ACRE",TOTAL,NOT SPECIFIED,30.82,
SURVEY,2001,YEAR,,COUNTY,OHIO,39,NORTH CENTRAL,20,OTHER (COMBINED) COUNTIES,,,,0,,TOMATOES,"TOMATOES, IN THE OPEN, PROCESSING - YIELD, MEASURED IN TONS / ACRE",TOTAL,NOT SPECIFIED,30.86,
SURVEY,1994,YEAR,,COUNTY,OHIO,39,NORTH CENTRAL,20,SANDUSKY,143,,,0,,TOMATOES,"TOMATOES, IN THE OPEN, PROCESSING - YIELD, MEASURED IN TONS / ACRE",TOTAL,NOT SPECIFIED,30.96,
SURVEY,1991,YEAR,,COUNTY,CALIFORNIA,6,SAN JOAQUIN VALLEY,51,MERCED,47,,,0,,TOMATOES,"TOMATOES, IN THE OPEN, PROCESSING - YIELD, MEASURED IN TONS / ACRE",TOTAL,NOT SPECIFIED,30.98,
SURVEY,2007,YEAR,,COUNTY,OHIO,39,NORTHWEST,10,HENRY,69,,,0,,TOMATOES,"TOMATOES, IN THE OPEN, PROCESSING - YIELD, MEASURED IN TONS / ACRE",TOTAL,NOT SPECIFIED,31.03,
SURVEY,2007,YEAR,,COUNTY,OHIO,39,WEST CENTRAL,40,OTHER (COMBINED) COUNTIES,,,,0,,TOMATOES,"TOMATOES, IN THE OPEN, PROCESSING - YIELD, MEASURED IN TONS / ACRE",TOTAL,NOT SPECIFIED,31.06,
SURVEY,2004,YEAR,,COUNTY,OHIO,39,NORTHWEST,10,OTHER (COMBINED) COUNTIES,,,,0,,TOMATOES,"TOMATOES, IN THE OPEN, PROCESSING - YIELD, MEASURED IN TONS / ACRE",TOTAL,NOT SPECIFIED,31.07,
SURVEY,1994,YEAR,,COUNTY,OHIO,39,NORTH CENTRAL,20,SENECA,147,,,0,,TOMATOES,"TOMATOES, IN THE OPEN, PROCESSING - YIELD, MEASURED IN TONS / ACRE",TOTAL,NOT SPECIFIED,31.09,
SURVEY,1991,YEAR,,COUNTY,CALIFORNIA,6,SACRAMENTO VALLEY,50,SACRAMENTO,67,,,0,,TOMATOES,"TOMATOES, IN THE OPEN, PROCESSING - YIELD, MEASURED IN TONS / ACRE",TOTAL,NOT SPECIFIED,31.09,
SURVEY,2003,YEAR,,COUNTY,OHIO,39,NORTHWEST,10,OTHER (COMBINED) COUNTIES,,,,0,,TOMATOES,"TOMATOES, IN THE OPEN, PROCESSING - YIELD, MEASURED IN TONS / ACRE",TOTAL,NOT SPECIFIED,31.1,
SURVEY,2003,YEAR,,COUNTY,OHIO,39,NORTHWEST,10,PUTNAM,137,,,0,,TOMATOES,"TOMATOES, IN THE OPEN, PROCESSING - YIELD, MEASURED IN TONS / ACRE",TOTAL,NOT SPECIFIED,31.14,
SURVEY,1991,YEAR,,COUNTY,CALIFORNIA,6,SAN JOAQUIN VALLEY,51,STANISLAUS,99,,,0,,TOMATOES,"TOMATOES, IN THE OPEN, PROCESSING - YIELD, MEASURED IN TONS / ACRE",TOTAL,NOT SPECIFIED,31.3,
SURVEY,2005,YEAR,,COUNTY,OHIO,39,NORTHWEST,10,HENRY,69,,,0,,TOMATOES,"TOMATOES, IN THE OPEN, PROCESSING - YIELD, MEASURED IN TONS / ACRE",TOTAL,NOT SPECIFIED,31.35,
SURVEY,1991,YEAR,,COUNTY,CALIFORNIA,6,SAN JOAQUIN VALLEY,51,SAN JOAQUIN,77,,,0,,TOMATOES,"TOMATOES, IN THE OPEN, PROCESSING - YIELD, MEASURED IN TONS / ACRE",TOTAL,NOT SPECIFIED,31.36,
SURVEY,1994,YEAR,,COUNTY,OHIO,39,NORTH CENTRAL,20,OTHER (COMBINED) COUNTIES,,,,0,,TOMATOES,"TOMATOES, IN THE OPEN, PROCESSING - YIELD, MEASURED IN TONS / ACRE",TOTAL,NOT SPECIFIED,31.44,
SURVEY,1997,YEAR,,COUNTY,OHIO,39,NORTH CENTRAL,20,OTHER (COMBINED) COUNTIES,,,,0,,TOMATOES,"TOMATOES, IN THE OPEN, PROCESSING - YIELD, MEASURED IN TONS / ACRE",TOTAL,NOT SPECIFIED,31.45,
SURVEY,1998,YEAR,,COUNTY,CALIFORNIA,6,SOUTHERN CALIFORNIA,80,OTHER (COMBINED) COUNTIES,,,,0,,TOMATOES,"TOMATOES, IN THE OPEN, PROCESSING - YIELD, MEASURED IN TONS / ACRE",TOTAL,NOT SPECIFIED,31.46,
SURVEY,2003,YEAR,,COUNTY,OHIO,39,NORTHWEST,10,HENRY,69,,,0,,TOMATOES,"TOMATOES, IN THE OPEN, PROCESSING - YIELD, MEASURED IN TONS / ACRE",TOTAL,NOT SPECIFIED,31.47,
SURVEY,2005,YEAR,,COUNTY,OHIO,39,NORTH CENTRAL,20,OTHER (COMBINED) COUNTIES,,,,0,,TOMATOES,"TOMATOES, IN THE OPEN, PROCESSING - YIELD, MEASURED IN TONS / ACRE",TOTAL,NOT SPECIFIED,31.61,
SURVEY,1992,YEAR,,COUNTY,CALIFORNIA,6,SACRAMENTO VALLEY,50,OTHER (COMBINED) COUNTIES,,,,0,,TOMATOES,"TOMATOES, IN THE OPEN, PROCESSING - YIELD, MEASURED IN TONS / ACRE",TOTAL,NOT SPECIFIED,31.61,
SURVEY,1994,YEAR,,COUNTY,OHIO,39,NORTHWEST,10,WILLIAMS,171,,,0,,TOMATOES,"TOMATOES, IN THE OPEN, PROCESSING - YIELD, MEASURED IN TONS / ACRE",TOTAL,NOT SPECIFIED,31.75,
SURVEY,1991,YEAR,,COUNTY,CALIFORNIA,6,SAN JOAQUIN VALLEY,51,FRESNO,19,,,0,,TOMATOES,"TOMATOES, IN THE OPEN, PROCESSING - YIELD, MEASURED IN TONS / ACRE",TOTAL,NOT SPECIFIED,31.82,
SURVEY,2000,YEAR,,COUNTY,OHIO,39,WEST CENTRAL,40,DARKE,37,,,0,,TOMATOES,"TOMATOES, IN THE OPEN, PROCESSING - YIELD, MEASURED IN TONS / ACRE",TOTAL,NOT SPECIFIED,31.88,
SURVEY,1989,YEAR,,COUNTY,CALIFORNIA,6,CENTRAL COAST,40,OTHER (COMBINED) COUNTIES,,,,0,,TOMATOES,"TOMATOES, IN THE OPEN, PROCESSING - YIELD, MEASURED IN TONS / ACRE",TOTAL,NOT SPECIFIED,31.92,
SURVEY,1989,YEAR,,COUNTY,CALIFORNIA,6,SAN JOAQUIN VALLEY,51,OTHER (COMBINED) COUNTIES,,,,0,,TOMATOES,"TOMATOES, IN THE OPEN, PROCESSING - YIELD, MEASURED IN TONS / ACRE",TOTAL,NOT SPECIFIED,31.99,
SURVEY,1995,YEAR,,COUNTY,CALIFORNIA,6,SACRAMENTO VALLEY,50,OTHER (COMBINED) COUNTIES,,,,0,,TOMATOES,"TOMATOES, IN THE OPEN, PROCESSING - YIELD, MEASURED IN TONS / ACRE",TOTAL,NOT SPECIFIED,32,
SURVEY,2005,YEAR,,COUNTY,CALIFORNIA,6,SACRAMENTO VALLEY,50,OTHER (COMBINED) COUNTIES,,,,0,,TOMATOES,"TOMATOES, IN THE OPEN, PROCESSING - YIELD, MEASURED IN TONS / ACRE",TOTAL,NOT SPECIFIED,32.02,
SURVEY,1990,YEAR,,COUNTY,CALIFORNIA,6,SOUTHERN CALIFORNIA,80,OTHER (COMBINED) COUNTIES,,,,0,,TOMATOES,"TOMATOES, IN THE OPEN, PROCESSING - YIELD, MEASURED IN TONS / ACRE",TOTAL,NOT SPECIFIED,32.05,
SURVEY,1995,YEAR,,COUNTY,CALIFORNIA,6,SOUTHERN CALIFORNIA,80,OTHER (COMBINED) COUNTIES,,,,0,,TOMATOES,"TOMATOES, IN THE OPEN, PROCESSING - YIELD, MEASURED IN TONS / ACRE",TOTAL,NOT SPECIFIED,32.1,
SURVEY,1993,YEAR,,COUNTY,CALIFORNIA,6,SACRAMENTO VALLEY,50,OTHER (COMBINED) COUNTIES,,,,0,,TOMATOES,"TOMATOES, IN THE OPEN, PROCESSING - YIELD, MEASURED IN TONS / ACRE",TOTAL,NOT SPECIFIED,32.15,
SURVEY,1994,YEAR,,COUNTY,OHIO,39,NORTHWEST,10,WOOD,173,,,0,,TOMATOES,"TOMATOES, IN THE OPEN, PROCESSING - YIELD, MEASURED IN TONS / ACRE",TOTAL,NOT SPECIFIED,32.19,
SURVEY,1996,YEAR,,COUNTY,CALIFORNIA,6,SOUTHERN CALIFORNIA,80,OTHER (COMBINED) COUNTIES,,,,0,,TOMATOES,"TOMATOES, IN THE OPEN, PROCESSING - YIELD, MEASURED IN TONS / ACRE",TOTAL,NOT SPECIFIED,32.21,
SURVEY,1989,YEAR,,COUNTY,CALIFORNIA,6,SOUTHERN CALIFORNIA,80,OTHER (COMBINED) COUNTIES,,,,0,,TOMATOES,"TOMATOES, IN THE OPEN, PROCESSING - YIELD, MEASURED IN TONS / ACRE",TOTAL,NOT SPECIFIED,32.21,
SURVEY,1991,YEAR,,COUNTY,CALIFORNIA,6,SACRAMENTO VALLEY,50,SOLANO,95,,,0,,TOMATOES,"TOMATOES, IN THE OPEN, PROCESSING - YIELD, MEASURED IN TONS / ACRE",TOTAL,NOT SPECIFIED,32.57,
SURVEY,1996,YEAR,,COUNTY,OHIO,39,NORTHWEST,10,FULTON,51,,,0,,TOMATOES,"TOMATOES, IN THE OPEN, PROCESSING - YIELD, MEASURED IN TONS / ACRE",TOTAL,NOT SPECIFIED,32.58,
SURVEY,1993,YEAR,,COUNTY,CALIFORNIA,6,SAN JOAQUIN VALLEY,51,OTHER (COMBINED) COUNTIES,,,,0,,TOMATOES,"TOMATOES, IN THE OPEN, PROCESSING - YIELD, MEASURED IN TONS / ACRE",TOTAL,NOT SPECIFIED,32.93,
SURVEY,1998,YEAR,,COUNTY,CALIFORNIA,6,CENTRAL COAST,40,OTHER (COMBINED) COUNTIES,,,,0,,TOMATOES,"TOMATOES, IN THE OPEN, PROCESSING - YIELD, MEASURED IN TONS / ACRE",TOTAL,NOT SPECIFIED,32.96,
SURVEY,1992,YEAR,,COUNTY,OHIO,39,SOUTHWEST,70,GREENE,57,,,0,,TOMATOES,"TOMATOES, IN THE OPEN, PROCESSING - YIELD, MEASURED IN TONS / ACRE",TOTAL,NOT SPECIFIED,32.96,
SURVEY,1996,YEAR,,COUNTY,CALIFORNIA,6,SACRAMENTO VALLEY,50,OTHER (COMBINED) COUNTIES,,,,0,,TOMATOES,"TOMATOES, IN THE OPEN, PROCESSING - YIELD, MEASURED IN TONS / ACRE",TOTAL,NOT SPECIFIED,33.06,
SURVEY,1992,YEAR,,COUNTY,CALIFORNIA,6,CENTRAL COAST,40,OTHER (COMBINED) COUNTIES,,,,0,,TOMATOES,"TOMATOES, IN THE OPEN, PROCESSING - YIELD, MEASURED IN TONS / ACRE",TOTAL,NOT SPECIFIED,33.08,
SURVEY,1998,YEAR,,COUNTY,CALIFORNIA,6,SAN JOAQUIN VALLEY,51,OTHER (COMBINED) COUNTIES,,,,0,,TOMATOES,"TOMATOES, IN THE OPEN, PROCESSING - YIELD, MEASURED IN TONS / ACRE",TOTAL,NOT SPECIFIED,33.15,
SURVEY,1998,YEAR,,COUNTY,OHIO,39,NORTHWEST,10,FULTON,51,,,0,,TOMATOES,"TOMATOES, IN THE OPEN, PROCESSING - YIELD, MEASURED IN TONS / ACRE",TOTAL,NOT SPECIFIED,33.28,
SURVEY,2001,YEAR,,COUNTY,CALIFORNIA,6,SAN JOAQUIN VALLEY,51,OTHER (COMBINED) COUNTIES,,,,0,,TOMATOES,"TOMATOES, IN THE OPEN, PROCESSING - YIELD, MEASURED IN TONS / ACRE",TOTAL,NOT SPECIFIED,33.33,
SURVEY,1991,YEAR,,COUNTY,CALIFORNIA,6,CENTRAL COAST,40,SAN BENITO,69,,,0,,TOMATOES,"TOMATOES, IN THE OPEN, PROCESSING - YIELD, MEASURED IN TONS / ACRE",TOTAL,NOT SPECIFIED,33.33,
SURVEY,2005,YEAR,,COUNTY,OHIO,39,NORTHWEST,10,PUTNAM,137,,,0,,TOMATOES,"TOMATOES, IN THE OPEN, PROCESSING - YIELD, MEASURED IN TONS / ACRE",TOTAL,NOT SPECIFIED,33.35,
SURVEY,2004,YEAR,,COUNTY,OHIO,39,NORTHWEST,10,FULTON,51,,,0,,TOMATOES,"TOMATOES, IN THE OPEN, PROCESSING - YIELD, MEASURED IN TONS / ACRE",TOTAL,NOT SPECIFIED,33.37,
SURVEY,2000,YEAR,,COUNTY,OHIO,39,NORTHWEST,10,FULTON,51,,,0,,TOMATOES,"TOMATOES, IN THE OPEN, PROCESSING - YIELD, MEASURED IN TONS / ACRE",TOTAL,NOT SPECIFIED,33.43,
SURVEY,2004,YEAR,,COUNTY,OHIO,39,NORTHWEST,10,HENRY,69,,,0,,TOMATOES,"TOMATOES, IN THE OPEN, PROCESSING - YIELD, MEASURED IN TONS / ACRE",TOTAL,NOT SPECIFIED,33.59,
SURVEY,1994,YEAR,,COUNTY,CALIFORNIA,6,SOUTHERN CALIFORNIA,80,OTHER (COMBINED) COUNTIES,,,,0,,TOMATOES,"TOMATOES, IN THE OPEN, PROCESSING - YIELD, MEASURED IN TONS / ACRE",TOTAL,NOT SPECIFIED,33.62,
SURVEY,1996,YEAR,,COUNTY,CALIFORNIA,6,CENTRAL COAST,40,OTHER (COMBINED) COUNTIES,,,,0,,TOMATOES,"TOMATOES, IN THE OPEN, PROCESSING - YIELD, MEASURED IN TONS / ACRE",TOTAL,NOT SPECIFIED,33.63,
SURVEY,2003,YEAR,,COUNTY,CALIFORNIA,6,SAN JOAQUIN VALLEY,51,OTHER (COMBINED) COUNTIES,,,,0,,TOMATOES,"TOMATOES, IN THE OPEN, PROCESSING - YIELD, MEASURED IN TONS / ACRE",TOTAL,NOT SPECIFIED,33.64,
SURVEY,1997,YEAR,,COUNTY,CALIFORNIA,6,SACRAMENTO VALLEY,50,OTHER (COMBINED) COUNTIES,,,,0,,TOMATOES,"TOMATOES, IN THE OPEN, PROCESSING - YIELD, MEASURED IN TONS / ACRE",TOTAL,NOT SPECIFIED,33.75,
SURVEY,1993,YEAR,,COUNTY,CALIFORNIA,6,SOUTHERN CALIFORNIA,80,OTHER (COMBINED) COUNTIES,,,,0,,TOMATOES,"TOMATOES, IN THE OPEN, PROCESSING - YIELD, MEASURED IN TONS / ACRE",TOTAL,NOT SPECIFIED,33.79,
SURVEY,2003,YEAR,,COUNTY,CALIFORNIA,6,SACRAMENTO VALLEY,50,OTHER (COMBINED) COUNTIES,,,,0,,TOMATOES,"TOMATOES, IN THE OPEN, PROCESSING - YIELD, MEASURED IN TONS / ACRE",TOTAL,NOT SPECIFIED,33.81,
SURVEY,1994,YEAR,,COUNTY,CALIFORNIA,6,SACRAMENTO VALLEY,50,OTHER (COMBINED) COUNTIES,,,,0,,TOMATOES,"TOMATOES, IN THE OPEN, PROCESSING - YIELD, MEASURED IN TONS / ACRE",TOTAL,NOT SPECIFIED,33.97,
SURVEY,1996,YEAR,,COUNTY,OHIO,39,NORTH CENTRAL,20,SENECA,147,,,0,,TOMATOES,"TOMATOES, IN THE OPEN, PROCESSING - YIELD, MEASURED IN TONS / ACRE",TOTAL,NOT SPECIFIED,33.98,
SURVEY,2012,YEAR,,COUNTY,CALIFORNIA,6,SACRAMENTO VALLEY,50,SOLANO,95,,,0,,TOMATOES,"TOMATOES, IN THE OPEN, PROCESSING - YIELD, MEASURED IN TONS / ACRE",TOTAL,NOT SPECIFIED,34,
SURVEY,2005,YEAR,,COUNTY,OHIO,39,NORTHWEST,10,OTHER (COMBINED) COUNTIES,,,,0,,TOMATOES,"TOMATOES, IN THE OPEN, PROCESSING - YIELD, MEASURED IN TONS / ACRE",TOTAL,NOT SPECIFIED,34,
SURVEY,1992,YEAR,,COUNTY,CALIFORNIA,6,SAN JOAQUIN VALLEY,51,OTHER (COMBINED) COUNTIES,,,,0,,TOMATOES,"TOMATOES, IN THE OPEN, PROCESSING - YIELD, MEASURED IN TONS / ACRE",TOTAL,NOT SPECIFIED,34.3,
SURVEY,1992,YEAR,,COUNTY,CALIFORNIA,6,SOUTHERN CALIFORNIA,80,OTHER (COMBINED) COUNTIES,,,,0,,TOMATOES,"TOMATOES, IN THE OPEN, PROCESSING - YIELD, MEASURED IN TONS / ACRE",TOTAL,NOT SPECIFIED,34.3,
SURVEY,1993,YEAR,,COUNTY,CALIFORNIA,6,CENTRAL COAST,40,OTHER (COMBINED) COUNTIES,,,,0,,TOMATOES,"TOMATOES, IN THE OPEN, PROCESSING - YIELD, MEASURED IN TONS / ACRE",TOTAL,NOT SPECIFIED,34.37,
SURVEY,2011,YEAR,,COUNTY,CALIFORNIA,6,SACRAMENTO VALLEY,50,SOLANO,95,,,0,,TOMATOES,"TOMATOES, IN THE OPEN, PROCESSING - YIELD, MEASURED IN TONS / ACRE",TOTAL,NOT SPECIFIED,34.44,
SURVEY,2003,YEAR,,COUNTY,OHIO,39,NORTH CENTRAL,20,OTHER (COMBINED) COUNTIES,,,,0,,TOMATOES,"TOMATOES, IN THE OPEN, PROCESSING - YIELD, MEASURED IN TONS / ACRE",TOTAL,NOT SPECIFIED,34.52,
SURVEY,1994,YEAR,,COUNTY,CALIFORNIA,6,CENTRAL COAST,40,OTHER (COMBINED) COUNTIES,,,,0,,TOMATOES,"TOMATOES, IN THE OPEN, PROCESSING - YIELD, MEASURED IN TONS / ACRE",TOTAL,NOT SPECIFIED,34.57,
SURVEY,1991,YEAR,,COUNTY,CALIFORNIA,6,CENTRAL COAST,40,CONTRA COSTA,13,,,0,,TOMATOES,"TOMATOES, IN THE OPEN, PROCESSING - YIELD, MEASURED IN TONS / ACRE",TOTAL,NOT SPECIFIED,34.61,
SURVEY,1995,YEAR,,COUNTY,CALIFORNIA,6,CENTRAL COAST,40,OTHER (COMBINED) COUNTIES,,,,0,,TOMATOES,"TOMATOES, IN THE OPEN, PROCESSING - YIELD, MEASURED IN TONS / ACRE",TOTAL,NOT SPECIFIED,34.65,
SURVEY,1995,YEAR,,COUNTY,CALIFORNIA,6,SAN JOAQUIN VALLEY,51,OTHER (COMBINED) COUNTIES,,,,0,,TOMATOES,"TOMATOES, IN THE OPEN, PROCESSING - YIELD, MEASURED IN TONS / ACRE",TOTAL,NOT SPECIFIED,34.74,
SURVEY,1991,YEAR,,COUNTY,CALIFORNIA,6,SAN JOAQUIN VALLEY,51,OTHER (COMBINED) COUNTIES,,,,0,,TOMATOES,"TOMATOES, IN THE OPEN, PROCESSING - YIELD, MEASURED IN TONS / ACRE",TOTAL,NOT SPECIFIED,34.76,
SURVEY,1994,YEAR,,COUNTY,OHIO,39,SOUTHWEST,70,GREENE,57,,,0,,TOMATOES,"TOMATOES, IN THE OPEN, PROCESSING - YIELD, MEASURED IN TONS / ACRE",TOTAL,NOT SPECIFIED,34.8,
SURVEY,1996,YEAR,,COUNTY,CALIFORNIA,6,SAN JOAQUIN VALLEY,51,OTHER (COMBINED) COUNTIES,,,,0,,TOMATOES,"TOMATOES, IN THE OPEN, PROCESSING - YIELD, MEASURED IN TONS / ACRE",TOTAL,NOT SPECIFIED,34.95,
SURVEY,1999,YEAR,,COUNTY,CALIFORNIA,6,SACRAMENTO VALLEY,50,OTHER (COMBINED) COUNTIES,,,,0,,TOMATOES,"TOMATOES, IN THE OPEN, PROCESSING - YIELD, MEASURED IN TONS / ACRE",TOTAL,NOT SPECIFIED,34.98,
SURVEY,2006,YEAR,,COUNTY,CALIFORNIA,6,SACRAMENTO VALLEY,50,OTHER (COMBINED) COUNTIES,,,,0,,TOMATOES,"TOMATOES, IN THE OPEN, PROCESSING - YIELD, MEASURED IN TONS / ACRE",TOTAL,NOT SPECIFIED,35,
SURVEY,1994,YEAR,,COUNTY,CALIFORNIA,6,SAN JOAQUIN VALLEY,51,OTHER (COMBINED) COUNTIES,,,,0,,TOMATOES,"TOMATOES, IN THE OPEN, PROCESSING - YIELD, MEASURED IN TONS / ACRE",TOTAL,NOT SPECIFIED,35.07,
SURVEY,2001,YEAR,,COUNTY,CALIFORNIA,6,SACRAMENTO VALLEY,50,OTHER (COMBINED) COUNTIES,,,,0,,TOMATOES,"TOMATOES, IN THE OPEN, PROCESSING - YIELD, MEASURED IN TONS / ACRE",TOTAL,NOT SPECIFIED,35.14,
SURVEY,1991,YEAR,,COUNTY,CALIFORNIA,6,SACRAMENTO VALLEY,50,COLUSA,11,,,0,,TOMATOES,"TOMATOES, IN THE OPEN, PROCESSING - YIELD, MEASURED IN TONS / ACRE",TOTAL,NOT SPECIFIED,35.15,
SURVEY,2000,YEAR,,COUNTY,CALIFORNIA,6,SACRAMENTO VALLEY,50,OTHER (COMBINED) COUNTIES,,,,0,,TOMATOES,"TOMATOES, IN THE OPEN, PROCESSING - YIELD, MEASURED IN TONS / ACRE",TOTAL,NOT SPECIFIED,35.21,
SURVEY,1991,YEAR,,COUNTY,CALIFORNIA,6,SOUTHERN CALIFORNIA,80,OTHER (COMBINED) COUNTIES,,,,0,,TOMATOES,"TOMATOES, IN THE OPEN, PROCESSING - YIELD, MEASURED IN TONS / ACRE",TOTAL,NOT SPECIFIED,35.52,
SURVEY,1999,YEAR,,COUNTY,OHIO,39,NORTHWEST,10,FULTON,51,,,0,,TOMATOES,"TOMATOES, IN THE OPEN, PROCESSING - YIELD, MEASURED IN TONS / ACRE",TOTAL,NOT SPECIFIED,35.58,
SURVEY,2011,YEAR,,COUNTY,CALIFORNIA,6,SACRAMENTO VALLEY,50,YOLO,113,,,0,,TOMATOES,"TOMATOES, IN THE OPEN, PROCESSING - YIELD, MEASURED IN TONS / ACRE",TOTAL,NOT SPECIFIED,35.65,
SURVEY,1991,YEAR,,COUNTY,CALIFORNIA,6,CENTRAL COAST,40,SANTA CLARA,85,,,0,,TOMATOES,"TOMATOES, IN THE OPEN, PROCESSING - YIELD, MEASURED IN TONS / ACRE",TOTAL,NOT SPECIFIED,35.68,
SURVEY,2017,YEAR,,COUNTY,CALIFORNIA,6,CENTRAL COAST,40,SAN BENITO,69,,,0,,TOMATOES,"TOMATOES, IN THE OPEN, PROCESSING - YIELD, MEASURED IN TONS / ACRE",TOTAL,NOT SPECIFIED,35.82,
SURVEY,1996,YEAR,,COUNTY,OHIO,39,NORTH CENTRAL,20,OTHER (COMBINED) COUNTIES,,,,0,,TOMATOES,"TOMATOES, IN THE OPEN, PROCESSING - YIELD, MEASURED IN TONS / ACRE",TOTAL,NOT SPECIFIED,35.83,
SURVEY,2004,YEAR,,COUNTY,CALIFORNIA,6,SACRAMENTO VALLEY,50,SACRAMENTO,67,,,0,,TOMATOES,"TOMATOES, IN THE OPEN, PROCESSING - YIELD, MEASURED IN TONS / ACRE",TOTAL,NOT SPECIFIED,35.91,
SURVEY,2006,YEAR,,COUNTY,CALIFORNIA,6,SAN JOAQUIN VALLEY,51,OTHER (COMBINED) COUNTIES,,,,0,,TOMATOES,"TOMATOES, IN THE OPEN, PROCESSING - YIELD, MEASURED IN TONS / ACRE",TOTAL,NOT SPECIFIED,36.16,
SURVEY,1993,YEAR,,COUNTY,OHIO,39,NORTH CENTRAL,20,WYANDOT,175,,,0,,TOMATOES,"TOMATOES, IN THE OPEN, PROCESSING - YIELD, MEASURED IN TONS / ACRE",TOTAL,NOT SPECIFIED,36.8,
SURVEY,2012,YEAR,,COUNTY,CALIFORNIA,6,SACRAMENTO VALLEY,50,SUTTER,101,,,0,,TOMATOES,"TOMATOES, IN THE OPEN, PROCESSING - YIELD, MEASURED IN TONS / ACRE",TOTAL,NOT SPECIFIED,37.14,
SURVEY,2011,YEAR,,COUNTY,CALIFORNIA,6,SACRAMENTO VALLEY,50,SUTTER,101,,,0,,TOMATOES,"TOMATOES, IN THE OPEN, PROCESSING - YIELD, MEASURED IN TONS / ACRE",TOTAL,NOT SPECIFIED,37.17,
SURVEY,2004,YEAR,,COUNTY,CALIFORNIA,6,SAN JOAQUIN VALLEY,51,KINGS,31,,,0,,TOMATOES,"TOMATOES, IN THE OPEN, PROCESSING - YIELD, MEASURED IN TONS / ACRE",TOTAL,NOT SPECIFIED,37.34,
SURVEY,1997,YEAR,,COUNTY,CALIFORNIA,6,SAN JOAQUIN VALLEY,51,OTHER (COMBINED) COUNTIES,,,,0,,TOMATOES,"TOMATOES, IN THE OPEN, PROCESSING - YIELD, MEASURED IN TONS / ACRE",TOTAL,NOT SPECIFIED,37.49,
SURVEY,2013,YEAR,,COUNTY,CALIFORNIA,6,CENTRAL COAST,40,SAN BENITO,69,,,0,,TOMATOES,"TOMATOES, IN THE OPEN, PROCESSING - YIELD, MEASURED IN TONS / ACRE",TOTAL,NOT SPECIFIED,37.5,
SURVEY,2002,YEAR,,COUNTY,CALIFORNIA,6,SACRAMENTO VALLEY,50,OTHER (COMBINED) COUNTIES,,,,0,,TOMATOES,"TOMATOES, IN THE OPEN, PROCESSING - YIELD, MEASURED IN TONS / ACRE",TOTAL,NOT SPECIFIED,37.8,
SURVEY,2013,YEAR,,COUNTY,CALIFORNIA,6,SAN JOAQUIN VALLEY,51,STANISLAUS,99,,,0,,TOMATOES,"TOMATOES, IN THE OPEN, PROCESSING - YIELD, MEASURED IN TONS / ACRE",TOTAL,NOT SPECIFIED,37.92,
SURVEY,2002,YEAR,,COUNTY,CALIFORNIA,6,SAN JOAQUIN VALLEY,51,OTHER (COMBINED) COUNTIES,,,,0,,TOMATOES,"TOMATOES, IN THE OPEN, PROCESSING - YIELD, MEASURED IN TONS / ACRE",TOTAL,NOT SPECIFIED,38.01,
SURVEY,2005,YEAR,,COUNTY,OHIO,39,NORTHWEST,10,FULTON,51,,,0,,TOMATOES,"TOMATOES, IN THE OPEN, PROCESSING - YIELD, MEASURED IN TONS / ACRE",TOTAL,NOT SPECIFIED,38.13,
SURVEY,2013,YEAR,,COUNTY,CALIFORNIA,6,SAN JOAQUIN VALLEY,51,MADERA,39,,,0,,TOMATOES,"TOMATOES, IN THE OPEN, PROCESSING - YIELD, MEASURED IN TONS / ACRE",TOTAL,NOT SPECIFIED,38.2,
SURVEY,2017,YEAR,,COUNTY,CALIFORNIA,6,SACRAMENTO VALLEY,50,OTHER (COMBINED) COUNTIES,,,,0,,TOMATOES,"TOMATOES, IN THE OPEN, PROCESSING - YIELD, MEASURED IN TONS / ACRE",TOTAL,NOT SPECIFIED,38.22,
SURVEY,2003,YEAR,,COUNTY,OHIO,39,NORTHWEST,10,FULTON,51,,,0,,TOMATOES,"TOMATOES, IN THE OPEN, PROCESSING - YIELD, MEASURED IN TONS / ACRE",TOTAL,NOT SPECIFIED,38.25,
SURVEY,1999,YEAR,,COUNTY,CALIFORNIA,6,SAN JOAQUIN VALLEY,51,OTHER (COMBINED) COUNTIES,,,,0,,TOMATOES,"TOMATOES, IN THE OPEN, PROCESSING - YIELD, MEASURED IN TONS / ACRE",TOTAL,NOT SPECIFIED,38.52,
SURVEY,1997,YEAR,,COUNTY,CALIFORNIA,6,CENTRAL COAST,40,OTHER (COMBINED) COUNTIES,,,,0,,TOMATOES,"TOMATOES, IN THE OPEN, PROCESSING - YIELD, MEASURED IN TONS / ACRE",TOTAL,NOT SPECIFIED,38.54,
SURVEY,2005,YEAR,,COUNTY,CALIFORNIA,6,SAN JOAQUIN VALLEY,51,OTHER (COMBINED) COUNTIES,,,,0,,TOMATOES,"TOMATOES, IN THE OPEN, PROCESSING - YIELD, MEASURED IN TONS / ACRE",TOTAL,NOT SPECIFIED,38.65,
SURVEY,2013,YEAR,,COUNTY,CALIFORNIA,6,SACRAMENTO VALLEY,50,SUTTER,101,,,0,,TOMATOES,"TOMATOES, IN THE OPEN, PROCESSING - YIELD, MEASURED IN TONS / ACRE",TOTAL,NOT SPECIFIED,38.71,
SURVEY,2009,YEAR,,COUNTY,CALIFORNIA,6,SACRAMENTO VALLEY,50,OTHER (COMBINED) COUNTIES,,,,0,,TOMATOES,"TOMATOES, IN THE OPEN, PROCESSING - YIELD, MEASURED IN TONS / ACRE",TOTAL,NOT SPECIFIED,39.17,
SURVEY,2000,YEAR,,COUNTY,CALIFORNIA,6,SAN JOAQUIN VALLEY,51,OTHER (COMBINED) COUNTIES,,,,0,,TOMATOES,"TOMATOES, IN THE OPEN, PROCESSING - YIELD, MEASURED IN TONS / ACRE",TOTAL,NOT SPECIFIED,39.27,
SURVEY,2013,YEAR,,COUNTY,CALIFORNIA,6,SACRAMENTO VALLEY,50,SOLANO,95,,,0,,TOMATOES,"TOMATOES, IN THE OPEN, PROCESSING - YIELD, MEASURED IN TONS / ACRE",TOTAL,NOT SPECIFIED,39.33,
SURVEY,2013,YEAR,,COUNTY,CALIFORNIA,6,SACRAMENTO VALLEY,50,SACRAMENTO,67,,,0,,TOMATOES,"TOMATOES, IN THE OPEN, PROCESSING - YIELD, MEASURED IN TONS / ACRE",TOTAL,NOT SPECIFIED,39.5,
SURVEY,2008,YEAR,,COUNTY,CALIFORNIA,6,SACRAMENTO VALLEY,50,OTHER (COMBINED) COUNTIES,,,,0,,TOMATOES,"TOMATOES, IN THE OPEN, PROCESSING - YIELD, MEASURED IN TONS / ACRE",TOTAL,NOT SPECIFIED,39.56,
SURVEY,2017,YEAR,,COUNTY,CALIFORNIA,6,SAN JOAQUIN VALLEY,51,STANISLAUS,99,,,0,,TOMATOES,"TOMATOES, IN THE OPEN, PROCESSING - YIELD, MEASURED IN TONS / ACRE",TOTAL,NOT SPECIFIED,39.62,
SURVEY,1997,YEAR,,COUNTY,CALIFORNIA,6,SOUTHERN CALIFORNIA,80,OTHER (COMBINED) COUNTIES,,,,0,,TOMATOES,"TOMATOES, IN THE OPEN, PROCESSING - YIELD, MEASURED IN TONS / ACRE",TOTAL,NOT SPECIFIED,39.77,
SURVEY,2016,YEAR,,COUNTY,CALIFORNIA,6,SAN JOAQUIN VALLEY,51,STANISLAUS,99,,,0,,TOMATOES,"TOMATOES, IN THE OPEN, PROCESSING - YIELD, MEASURED IN TONS / ACRE",TOTAL,NOT SPECIFIED,39.8,
SURVEY,2004,YEAR,,COUNTY,CALIFORNIA,6,SACRAMENTO VALLEY,50,GLENN,21,,,0,,TOMATOES,"TOMATOES, IN THE OPEN, PROCESSING - YIELD, MEASURED IN TONS / ACRE",TOTAL,NOT SPECIFIED,40,
SURVEY,2004,YEAR,,COUNTY,CALIFORNIA,6,SACRAMENTO VALLEY,50,YOLO,113,,,0,,TOMATOES,"TOMATOES, IN THE OPEN, PROCESSING - YIELD, MEASURED IN TONS / ACRE",TOTAL,NOT SPECIFIED,40,
SURVEY,2004,YEAR,,COUNTY,CALIFORNIA,6,SAN JOAQUIN VALLEY,51,SAN JOAQUIN,77,,,0,,TOMATOES,"TOMATOES, IN THE OPEN, PROCESSING - YIELD, MEASURED IN TONS / ACRE",TOTAL,NOT SPECIFIED,40.03,
SURVEY,2017,YEAR,,COUNTY,CALIFORNIA,6,SACRAMENTO VALLEY,50,SUTTER,101,,,0,,TOMATOES,"TOMATOES, IN THE OPEN, PROCESSING - YIELD, MEASURED IN TONS / ACRE",TOTAL,NOT SPECIFIED,40.05,
SURVEY,2015,YEAR,,COUNTY,CALIFORNIA,6,SACRAMENTO VALLEY,50,SACRAMENTO,67,,,0,,TOMATOES,"TOMATOES, IN THE OPEN, PROCESSING - YIELD, MEASURED IN TONS / ACRE",TOTAL,NOT SPECIFIED,40.24,
SURVEY,2010,YEAR,,COUNTY,CALIFORNIA,6,SACRAMENTO VALLEY,50,COLUSA,11,,,0,,TOMATOES,"TOMATOES, IN THE OPEN, PROCESSING - YIELD, MEASURED IN TONS / ACRE",TOTAL,NOT SPECIFIED,40.5,
SURVEY,2012,YEAR,,COUNTY,CALIFORNIA,6,SAN JOAQUIN VALLEY,51,SAN JOAQUIN,77,,,0,,TOMATOES,"TOMATOES, IN THE OPEN, PROCESSING - YIELD, MEASURED IN TONS / ACRE",TOTAL,NOT SPECIFIED,40.91,
SURVEY,2010,YEAR,,COUNTY,CALIFORNIA,6,SACRAMENTO VALLEY,50,YOLO,113,,,0,,TOMATOES,"TOMATOES, IN THE OPEN, PROCESSING - YIELD, MEASURED IN TONS / ACRE",TOTAL,NOT SPECIFIED,41.09,
SURVEY,2004,YEAR,,COUNTY,CALIFORNIA,6,SAN JOAQUIN VALLEY,51,MERCED,47,,,0,,TOMATOES,"TOMATOES, IN THE OPEN, PROCESSING - YIELD, MEASURED IN TONS / ACRE",TOTAL,NOT SPECIFIED,41.09,
SURVEY,2004,YEAR,,COUNTY,CALIFORNIA,6,SAN JOAQUIN VALLEY,51,MADERA,39,,,0,,TOMATOES,"TOMATOES, IN THE OPEN, PROCESSING - YIELD, MEASURED IN TONS / ACRE",TOTAL,NOT SPECIFIED,41.2,
SURVEY,2010,YEAR,,COUNTY,CALIFORNIA,6,SAN JOAQUIN VALLEY,51,SAN JOAQUIN,77,,,0,,TOMATOES,"TOMATOES, IN THE OPEN, PROCESSING - YIELD, MEASURED IN TONS / ACRE",TOTAL,NOT SPECIFIED,41.33,
SURVEY,2011,YEAR,,COUNTY,CALIFORNIA,6,SAN JOAQUIN VALLEY,51,OTHER (COMBINED) COUNTIES,,,,0,,TOMATOES,"TOMATOES, IN THE OPEN, PROCESSING - YIELD, MEASURED IN TONS / ACRE",TOTAL,NOT SPECIFIED,41.5,
SURVEY,2017,YEAR,,COUNTY,CALIFORNIA,6,SACRAMENTO VALLEY,50,SOLANO,95,,,0,,TOMATOES,"TOMATOES, IN THE OPEN, PROCESSING - YIELD, MEASURED IN TONS / ACRE",TOTAL,NOT SPECIFIED,41.63,
SURVEY,2004,YEAR,,COUNTY,CALIFORNIA,6,SACRAMENTO VALLEY,50,SUTTER,101,,,0,,TOMATOES,"TOMATOES, IN THE OPEN, PROCESSING - YIELD, MEASURED IN TONS / ACRE",TOTAL,NOT SPECIFIED,41.81,
SURVEY,2004,YEAR,,COUNTY,CALIFORNIA,6,SAN JOAQUIN VALLEY,51,STANISLAUS,99,,,0,,TOMATOES,"TOMATOES, IN THE OPEN, PROCESSING - YIELD, MEASURED IN TONS / ACRE",TOTAL,NOT SPECIFIED,42.07,
SURVEY,2015,YEAR,,COUNTY,CALIFORNIA,6,SAN JOAQUIN VALLEY,51,SAN JOAQUIN,77,,,0,,TOMATOES,"TOMATOES, IN THE OPEN, PROCESSING - YIELD, MEASURED IN TONS / ACRE",TOTAL,NOT SPECIFIED,42.29,
SURVEY,2013,YEAR,,COUNTY,CALIFORNIA,6,SAN JOAQUIN VALLEY,51,KERN,29,,,0,,TOMATOES,"TOMATOES, IN THE OPEN, PROCESSING - YIELD, MEASURED IN TONS / ACRE",TOTAL,NOT SPECIFIED,42.31,
SURVEY,2017,YEAR,,COUNTY,CALIFORNIA,6,SAN JOAQUIN VALLEY,51,SAN JOAQUIN,77,,,0,,TOMATOES,"TOMATOES, IN THE OPEN, PROCESSING - YIELD, MEASURED IN TONS / ACRE",TOTAL,NOT SPECIFIED,42.35,
SURVEY,2012,YEAR,,COUNTY,CALIFORNIA,6,CENTRAL COAST,40,SAN BENITO,69,,,0,,TOMATOES,"TOMATOES, IN THE OPEN, PROCESSING - YIELD, MEASURED IN TONS / ACRE",TOTAL,NOT SPECIFIED,43,
SURVEY,2004,YEAR,,COUNTY,CALIFORNIA,6,SACRAMENTO VALLEY,50,COLUSA,11,,,0,,TOMATOES,"TOMATOES, IN THE OPEN, PROCESSING - YIELD, MEASURED IN TONS / ACRE",TOTAL,NOT SPECIFIED,43.02,
SURVEY,2015,YEAR,,COUNTY,CALIFORNIA,6,SAN JOAQUIN VALLEY,51,STANISLAUS,99,,,0,,TOMATOES,"TOMATOES, IN THE OPEN, PROCESSING - YIELD, MEASURED IN TONS / ACRE",TOTAL,NOT SPECIFIED,43.05,
SURVEY,2013,YEAR,,COUNTY,CALIFORNIA,6,SAN JOAQUIN VALLEY,51,SAN JOAQUIN,77,,,0,,TOMATOES,"TOMATOES, IN THE OPEN, PROCESSING - YIELD, MEASURED IN TONS / ACRE",TOTAL,NOT SPECIFIED,43.05,
SURVEY,2017,YEAR,,COUNTY,CALIFORNIA,6,SACRAMENTO VALLEY,50,YOLO,113,,,0,,TOMATOES,"TOMATOES, IN THE OPEN, PROCESSING - YIELD, MEASURED IN TONS / ACRE",TOTAL,NOT SPECIFIED,43.08,
SURVEY,2011,YEAR,,COUNTY,CALIFORNIA,6,SAN JOAQUIN VALLEY,51,STANISLAUS,99,,,0,,TOMATOES,"TOMATOES, IN THE OPEN, PROCESSING - YIELD, MEASURED IN TONS / ACRE",TOTAL,NOT SPECIFIED,43.1,
SURVEY,2008,YEAR,,COUNTY,CALIFORNIA,6,SAN JOAQUIN VALLEY,51,OTHER (COMBINED) COUNTIES,,,,0,,TOMATOES,"TOMATOES, IN THE OPEN, PROCESSING - YIELD, MEASURED IN TONS / ACRE",TOTAL,NOT SPECIFIED,43.11,
SURVEY,2016,YEAR,,COUNTY,CALIFORNIA,6,CENTRAL COAST,40,SAN BENITO,69,,,0,,TOMATOES,"TOMATOES, IN THE OPEN, PROCESSING - YIELD, MEASURED IN TONS / ACRE",TOTAL,NOT SPECIFIED,43.14,
SURVEY,2012,YEAR,,COUNTY,CALIFORNIA,6,SACRAMENTO VALLEY,50,YOLO,113,,,0,,TOMATOES,"TOMATOES, IN THE OPEN, PROCESSING - YIELD, MEASURED IN TONS / ACRE",TOTAL,NOT SPECIFIED,43.24,
SURVEY,2014,YEAR,,COUNTY,CALIFORNIA,6,SACRAMENTO VALLEY,50,SOLANO,95,,,0,,TOMATOES,"TOMATOES, IN THE OPEN, PROCESSING - YIELD, MEASURED IN TONS / ACRE",TOTAL,NOT SPECIFIED,43.5,
SURVEY,2004,YEAR,,COUNTY,CALIFORNIA,6,SAN JOAQUIN VALLEY,51,FRESNO,19,,,0,,TOMATOES,"TOMATOES, IN THE OPEN, PROCESSING - YIELD, MEASURED IN TONS / ACRE",TOTAL,NOT SPECIFIED,43.51,
SURVEY,2012,YEAR,,COUNTY,CALIFORNIA,6,SAN JOAQUIN VALLEY,51,MERCED,47,,,0,,TOMATOES,"TOMATOES, IN THE OPEN, PROCESSING - YIELD, MEASURED IN TONS / ACRE",TOTAL,NOT SPECIFIED,43.62,
SURVEY,2014,YEAR,,COUNTY,CALIFORNIA,6,SACRAMENTO VALLEY,50,OTHER (COMBINED) COUNTIES,,,,0,,TOMATOES,"TOMATOES, IN THE OPEN, PROCESSING - YIELD, MEASURED IN TONS / ACRE",TOTAL,NOT SPECIFIED,44,
SURVEY,2014,YEAR,,COUNTY,CALIFORNIA,6,SAN JOAQUIN VALLEY,51,SAN JOAQUIN,77,,,0,,TOMATOES,"TOMATOES, IN THE OPEN, PROCESSING - YIELD, MEASURED IN TONS / ACRE",TOTAL,NOT SPECIFIED,44.03,
SURVEY,2017,YEAR,,COUNTY,CALIFORNIA,6,CENTRAL COAST,40,CONTRA COSTA,13,,,0,,TOMATOES,"TOMATOES, IN THE OPEN, PROCESSING - YIELD, MEASURED IN TONS / ACRE",TOTAL,NOT SPECIFIED,44.04,
SURVEY,2014,YEAR,,COUNTY,CALIFORNIA,6,SACRAMENTO VALLEY,50,SUTTER,101,,,0,,TOMATOES,"TOMATOES, IN THE OPEN, PROCESSING - YIELD, MEASURED IN TONS / ACRE",TOTAL,NOT SPECIFIED,44.2,
SURVEY,2010,YEAR,,COUNTY,CALIFORNIA,6,SAN JOAQUIN VALLEY,51,FRESNO,19,,,0,,TOMATOES,"TOMATOES, IN THE OPEN, PROCESSING - YIELD, MEASURED IN TONS / ACRE",TOTAL,NOT SPECIFIED,44.3,
SURVEY,2011,YEAR,,COUNTY,CALIFORNIA,6,SAN JOAQUIN VALLEY,51,SAN JOAQUIN,77,,,0,,TOMATOES,"TOMATOES, IN THE OPEN, PROCESSING - YIELD, MEASURED IN TONS / ACRE",TOTAL,NOT SPECIFIED,44.35,
SURVEY,2011,YEAR,,COUNTY,CALIFORNIA,6,SACRAMENTO VALLEY,50,COLUSA,11,,,0,,TOMATOES,"TOMATOES, IN THE OPEN, PROCESSING - YIELD, MEASURED IN TONS / ACRE",TOTAL,NOT SPECIFIED,44.42,
SURVEY,2009,YEAR,,COUNTY,CALIFORNIA,6,SAN JOAQUIN VALLEY,51,OTHER (COMBINED) COUNTIES,,,,0,,TOMATOES,"TOMATOES, IN THE OPEN, PROCESSING - YIELD, MEASURED IN TONS / ACRE",TOTAL,NOT SPECIFIED,44.52,
SURVEY,2012,YEAR,,COUNTY,CALIFORNIA,6,SACRAMENTO VALLEY,50,COLUSA,11,,,0,,TOMATOES,"TOMATOES, IN THE OPEN, PROCESSING - YIELD, MEASURED IN TONS / ACRE",TOTAL,NOT SPECIFIED,44.62,
SURVEY,2010,YEAR,,COUNTY,CALIFORNIA,6,CENTRAL COAST,40,OTHER (COMBINED) COUNTIES,,,,0,,TOMATOES,"TOMATOES, IN THE OPEN, PROCESSING - YIELD, MEASURED IN TONS / ACRE",TOTAL,NOT SPECIFIED,44.67,
SURVEY,2015,YEAR,,COUNTY,CALIFORNIA,6,SACRAMENTO VALLEY,50,SOLANO,95,,,0,,TOMATOES,"TOMATOES, IN THE OPEN, PROCESSING - YIELD, MEASURED IN TONS / ACRE",TOTAL,NOT SPECIFIED,44.73,
SURVEY,2015,YEAR,,COUNTY,CALIFORNIA,6,SACRAMENTO VALLEY,50,SUTTER,101,,,0,,TOMATOES,"TOMATOES, IN THE OPEN, PROCESSING - YIELD, MEASURED IN TONS / ACRE",TOTAL,NOT SPECIFIED,44.92,
SURVEY,2010,YEAR,,COUNTY,CALIFORNIA,6,SACRAMENTO VALLEY,50,SUTTER,101,,,0,,TOMATOES,"TOMATOES, IN THE OPEN, PROCESSING - YIELD, MEASURED IN TONS / ACRE",TOTAL,NOT SPECIFIED,45,
SURVEY,2010,YEAR,,COUNTY,CALIFORNIA,6,SAN JOAQUIN VALLEY,51,STANISLAUS,99,,,0,,TOMATOES,"TOMATOES, IN THE OPEN, PROCESSING - YIELD, MEASURED IN TONS / ACRE",TOTAL,NOT SPECIFIED,45.11,
SURVEY,2010,YEAR,,COUNTY,CALIFORNIA,6,SACRAMENTO VALLEY,50,SACRAMENTO,67,,,0,,TOMATOES,"TOMATOES, IN THE OPEN, PROCESSING - YIELD, MEASURED IN TONS / ACRE",TOTAL,NOT SPECIFIED,45.5,
SURVEY,2015,YEAR,,COUNTY,CALIFORNIA,6,SAN JOAQUIN VALLEY,51,KERN,29,,,0,,TOMATOES,"TOMATOES, IN THE OPEN, PROCESSING - YIELD, MEASURED IN TONS / ACRE",TOTAL,NOT SPECIFIED,45.66,
SURVEY,2011,YEAR,,COUNTY,CALIFORNIA,6,CENTRAL COAST,40,SAN BENITO,69,,,0,,TOMATOES,"TOMATOES, IN THE OPEN, PROCESSING - YIELD, MEASURED IN TONS / ACRE",TOTAL,NOT SPECIFIED,45.67,
SURVEY,2014,YEAR,,COUNTY,CALIFORNIA,6,SAN JOAQUIN VALLEY,51,STANISLAUS,99,,,0,,TOMATOES,"TOMATOES, IN THE OPEN, PROCESSING - YIELD, MEASURED IN TONS / ACRE",TOTAL,NOT SPECIFIED,45.7,
SURVEY,2013,YEAR,,COUNTY,CALIFORNIA,6,SAN JOAQUIN VALLEY,51,KINGS,31,,,0,,TOMATOES,"TOMATOES, IN THE OPEN, PROCESSING - YIELD, MEASURED IN TONS / ACRE",TOTAL,NOT SPECIFIED,45.81,
SURVEY,2016,YEAR,,COUNTY,CALIFORNIA,6,SAN JOAQUIN VALLEY,51,SAN JOAQUIN,77,,,0,,TOMATOES,"TOMATOES, IN THE OPEN, PROCESSING - YIELD, MEASURED IN TONS / ACRE",TOTAL,NOT SPECIFIED,45.83,
SURVEY,2011,YEAR,,COUNTY,CALIFORNIA,6,SACRAMENTO VALLEY,50,OTHER (COMBINED) COUNTIES,,,,0,,TOMATOES,"TOMATOES, IN THE OPEN, PROCESSING - YIELD, MEASURED IN TONS / ACRE",TOTAL,NOT SPECIFIED,45.91,
SURVEY,2017,YEAR,,COUNTY,CALIFORNIA,6,SACRAMENTO VALLEY,50,COLUSA,11,,,0,,TOMATOES,"TOMATOES, IN THE OPEN, PROCESSING - YIELD, MEASURED IN TONS / ACRE",TOTAL,NOT SPECIFIED,46.16,
SURVEY,2013,YEAR,,COUNTY,CALIFORNIA,6,SACRAMENTO VALLEY,50,YOLO,113,,,0,,TOMATOES,"TOMATOES, IN THE OPEN, PROCESSING - YIELD, MEASURED IN TONS / ACRE",TOTAL,NOT SPECIFIED,46.29,
SURVEY,2016,YEAR,,COUNTY,CALIFORNIA,6,SAN JOAQUIN VALLEY,51,KERN,29,,,0,,TOMATOES,"TOMATOES, IN THE OPEN, PROCESSING - YIELD, MEASURED IN TONS / ACRE",TOTAL,NOT SPECIFIED,46.4,
SURVEY,2016,YEAR,,COUNTY,CALIFORNIA,6,SACRAMENTO VALLEY,50,SOLANO,95,,,0,,TOMATOES,"TOMATOES, IN THE OPEN, PROCESSING - YIELD, MEASURED IN TONS / ACRE",TOTAL,NOT SPECIFIED,46.43,
SURVEY,2014,YEAR,,COUNTY,CALIFORNIA,6,SACRAMENTO VALLEY,50,YOLO,113,,,0,,TOMATOES,"TOMATOES, IN THE OPEN, PROCESSING - YIELD, MEASURED IN TONS / ACRE",TOTAL,NOT SPECIFIED,46.46,
SURVEY,2017,YEAR,,COUNTY,CALIFORNIA,6,SACRAMENTO VALLEY,50,SACRAMENTO,67,,,0,,TOMATOES,"TOMATOES, IN THE OPEN, PROCESSING - YIELD, MEASURED IN TONS / ACRE",TOTAL,NOT SPECIFIED,46.7,
SURVEY,2016,YEAR,,COUNTY,CALIFORNIA,6,SACRAMENTO VALLEY,50,SACRAMENTO,67,,,0,,TOMATOES,"TOMATOES, IN THE OPEN, PROCESSING - YIELD, MEASURED IN TONS / ACRE",TOTAL,NOT SPECIFIED,46.81,
SURVEY,2016,YEAR,,COUNTY,CALIFORNIA,6,SACRAMENTO VALLEY,50,YOLO,113,,,0,,TOMATOES,"TOMATOES, IN THE OPEN, PROCESSING - YIELD, MEASURED IN TONS / ACRE",TOTAL,NOT SPECIFIED,46.9,
SURVEY,2014,YEAR,,COUNTY,CALIFORNIA,6,CENTRAL COAST,40,OTHER (COMBINED) COUNTIES,,,,0,,TOMATOES,"TOMATOES, IN THE OPEN, PROCESSING - YIELD, MEASURED IN TONS / ACRE",TOTAL,NOT SPECIFIED,47,
SURVEY,2016,YEAR,,COUNTY,CALIFORNIA,6,SAN JOAQUIN VALLEY,51,MERCED,47,,,0,,TOMATOES,"TOMATOES, IN THE OPEN, PROCESSING - YIELD, MEASURED IN TONS / ACRE",TOTAL,NOT SPECIFIED,47.74,
SURVEY,2016,YEAR,,COUNTY,CALIFORNIA,6,SACRAMENTO VALLEY,50,SUTTER,101,,,0,,TOMATOES,"TOMATOES, IN THE OPEN, PROCESSING - YIELD, MEASURED IN TONS / ACRE",TOTAL,NOT SPECIFIED,47.9,
SURVEY,2017,YEAR,,COUNTY,CALIFORNIA,6,SAN JOAQUIN VALLEY,51,MERCED,47,,,0,,TOMATOES,"TOMATOES, IN THE OPEN, PROCESSING - YIELD, MEASURED IN TONS / ACRE",TOTAL,NOT SPECIFIED,47.95,
SURVEY,2010,YEAR,,COUNTY,CALIFORNIA,6,SAN JOAQUIN VALLEY,51,KERN,29,,,0,,TOMATOES,"TOMATOES, IN THE OPEN, PROCESSING - YIELD, MEASURED IN TONS / ACRE",TOTAL,NOT SPECIFIED,48.21,
SURVEY,2015,YEAR,,COUNTY,CALIFORNIA,6,SAN JOAQUIN VALLEY,51,MERCED,47,,,0,,TOMATOES,"TOMATOES, IN THE OPEN, PROCESSING - YIELD, MEASURED IN TONS / ACRE",TOTAL,NOT SPECIFIED,48.61,
SURVEY,2015,YEAR,,COUNTY,CALIFORNIA,6,SACRAMENTO VALLEY,50,YOLO,113,,,0,,TOMATOES,"TOMATOES, IN THE OPEN, PROCESSING - YIELD, MEASURED IN TONS / ACRE",TOTAL,NOT SPECIFIED,48.62,
SURVEY,2014,YEAR,,COUNTY,CALIFORNIA,6,SACRAMENTO VALLEY,50,COLUSA,11,,,0,,TOMATOES,"TOMATOES, IN THE OPEN, PROCESSING - YIELD, MEASURED IN TONS / ACRE",TOTAL,NOT SPECIFIED,48.94,
SURVEY,2013,YEAR,,COUNTY,CALIFORNIA,6,SAN JOAQUIN VALLEY,51,FRESNO,19,,,0,,TOMATOES,"TOMATOES, IN THE OPEN, PROCESSING - YIELD, MEASURED IN TONS / ACRE",TOTAL,NOT SPECIFIED,48.95,
SURVEY,2012,YEAR,,COUNTY,CALIFORNIA,6,SACRAMENTO VALLEY,50,SACRAMENTO,67,,,0,,TOMATOES,"TOMATOES, IN THE OPEN, PROCESSING - YIELD, MEASURED IN TONS / ACRE",TOTAL,NOT SPECIFIED,49,
SURVEY,2014,YEAR,,COUNTY,CALIFORNIA,6,SAN JOAQUIN VALLEY,51,FRESNO,19,,,0,,TOMATOES,"TOMATOES, IN THE OPEN, PROCESSING - YIELD, MEASURED IN TONS / ACRE",TOTAL,NOT SPECIFIED,49.33,
SURVEY,2012,YEAR,,COUNTY,CALIFORNIA,6,SAN JOAQUIN VALLEY,51,KINGS,31,,,0,,TOMATOES,"TOMATOES, IN THE OPEN, PROCESSING - YIELD, MEASURED IN TONS / ACRE",TOTAL,NOT SPECIFIED,49.66,
SURVEY,2017,YEAR,,COUNTY,CALIFORNIA,6,SAN JOAQUIN VALLEY,51,MADERA,39,,,0,,TOMATOES,"TOMATOES, IN THE OPEN, PROCESSING - YIELD, MEASURED IN TONS / ACRE",TOTAL,NOT SPECIFIED,49.72,
SURVEY,2010,YEAR,,COUNTY,CALIFORNIA,6,SACRAMENTO VALLEY,50,SOLANO,95,,,0,,TOMATOES,"TOMATOES, IN THE OPEN, PROCESSING - YIELD, MEASURED IN TONS / ACRE",TOTAL,NOT SPECIFIED,49.78,
SURVEY,2016,YEAR,,COUNTY,CALIFORNIA,6,SAN JOAQUIN VALLEY,51,FRESNO,19,,,0,,TOMATOES,"TOMATOES, IN THE OPEN, PROCESSING - YIELD, MEASURED IN TONS / ACRE",TOTAL,NOT SPECIFIED,50.03,
SURVEY,2011,YEAR,,COUNTY,CALIFORNIA,6,SAN JOAQUIN VALLEY,51,KERN,29,,,0,,TOMATOES,"TOMATOES, IN THE OPEN, PROCESSING - YIELD, MEASURED IN TONS / ACRE",TOTAL,NOT SPECIFIED,50.23,
SURVEY,2014,YEAR,,COUNTY,CALIFORNIA,6,SAN JOAQUIN VALLEY,51,MERCED,47,,,0,,TOMATOES,"TOMATOES, IN THE OPEN, PROCESSING - YIELD, MEASURED IN TONS / ACRE",TOTAL,NOT SPECIFIED,50.35,
SURVEY,2017,YEAR,,COUNTY,CALIFORNIA,6,SAN JOAQUIN VALLEY,51,FRESNO,19,,,0,,TOMATOES,"TOMATOES, IN THE OPEN, PROCESSING - YIELD, MEASURED IN TONS / ACRE",TOTAL,NOT SPECIFIED,50.39,
SURVEY,2012,YEAR,,COUNTY,CALIFORNIA,6,SAN JOAQUIN VALLEY,51,STANISLAUS,99,,,0,,TOMATOES,"TOMATOES, IN THE OPEN, PROCESSING - YIELD, MEASURED IN TONS / ACRE",TOTAL,NOT SPECIFIED,50.5,
SURVEY,2014,YEAR,,COUNTY,CALIFORNIA,6,SAN JOAQUIN VALLEY,51,MADERA,39,,,0,,TOMATOES,"TOMATOES, IN THE OPEN, PROCESSING - YIELD, MEASURED IN TONS / ACRE",TOTAL,NOT SPECIFIED,50.67,
SURVEY,2015,YEAR,,COUNTY,CALIFORNIA,6,SAN JOAQUIN VALLEY,51,KINGS,31,,,0,,TOMATOES,"TOMATOES, IN THE OPEN, PROCESSING - YIELD, MEASURED IN TONS / ACRE",TOTAL,NOT SPECIFIED,50.79,
SURVEY,2015,YEAR,,COUNTY,CALIFORNIA,6,SAN JOAQUIN VALLEY,51,FRESNO,19,,,0,,TOMATOES,"TOMATOES, IN THE OPEN, PROCESSING - YIELD, MEASURED IN TONS / ACRE",TOTAL,NOT SPECIFIED,50.89,
SURVEY,2012,YEAR,,COUNTY,CALIFORNIA,6,CENTRAL COAST,40,OTHER (COMBINED) COUNTIES,,,,0,,TOMATOES,"TOMATOES, IN THE OPEN, PROCESSING - YIELD, MEASURED IN TONS / ACRE",TOTAL,NOT SPECIFIED,51,
SURVEY,2010,YEAR,,COUNTY,CALIFORNIA,6,SAN JOAQUIN VALLEY,51,MERCED,47,,,0,,TOMATOES,"TOMATOES, IN THE OPEN, PROCESSING - YIELD, MEASURED IN TONS / ACRE",TOTAL,NOT SPECIFIED,51.11,
SURVEY,2016,YEAR,,COUNTY,CALIFORNIA,6,CENTRAL COAST,40,OTHER (COMBINED) COUNTIES,,,,0,,TOMATOES,"TOMATOES, IN THE OPEN, PROCESSING - YIELD, MEASURED IN TONS / ACRE",TOTAL,NOT SPECIFIED,51.17,
SURVEY,2010,YEAR,,COUNTY,CALIFORNIA,6,SAN JOAQUIN VALLEY,51,KINGS,31,,,0,,TOMATOES,"TOMATOES, IN THE OPEN, PROCESSING - YIELD, MEASURED IN TONS / ACRE",TOTAL,NOT SPECIFIED,51.24,
SURVEY,2017,YEAR,,COUNTY,CALIFORNIA,6,SAN JOAQUIN VALLEY,51,KERN,29,,,0,,TOMATOES,"TOMATOES, IN THE OPEN, PROCESSING - YIELD, MEASURED IN TONS / ACRE",TOTAL,NOT SPECIFIED,51.33,
SURVEY,2015,YEAR,,COUNTY,CALIFORNIA,6,CENTRAL COAST,40,OTHER (COMBINED) COUNTIES,,,,0,,TOMATOES,"TOMATOES, IN THE OPEN, PROCESSING - YIELD, MEASURED IN TONS / ACRE",TOTAL,NOT SPECIFIED,51.36,
SURVEY,2012,YEAR,,COUNTY,CALIFORNIA,6,SAN JOAQUIN VALLEY,51,MADERA,39,,,0,,TOMATOES,"TOMATOES, IN THE OPEN, PROCESSING - YIELD, MEASURED IN TONS / ACRE",TOTAL,NOT SPECIFIED,51.67,
SURVEY,2011,YEAR,,COUNTY,CALIFORNIA,6,SAN JOAQUIN VALLEY,51,KINGS,31,,,0,,TOMATOES,"TOMATOES, IN THE OPEN, PROCESSING - YIELD, MEASURED IN TONS / ACRE",TOTAL,NOT SPECIFIED,51.86,
SURVEY,2017,YEAR,,COUNTY,CALIFORNIA,6,SAN JOAQUIN VALLEY,51,KINGS,31,,,0,,TOMATOES,"TOMATOES, IN THE OPEN, PROCESSING - YIELD, MEASURED IN TONS / ACRE",TOTAL,NOT SPECIFIED,51.88,
SURVEY,2013,YEAR,,COUNTY,CALIFORNIA,6,SACRAMENTO VALLEY,50,COLUSA,11,,,0,,TOMATOES,"TOMATOES, IN THE OPEN, PROCESSING - YIELD, MEASURED IN TONS / ACRE",TOTAL,NOT SPECIFIED,51.92,
SURVEY,2011,YEAR,,COUNTY,CALIFORNIA,6,SAN JOAQUIN VALLEY,51,MERCED,47,,,0,,TOMATOES,"TOMATOES, IN THE OPEN, PROCESSING - YIELD, MEASURED IN TONS / ACRE",TOTAL,NOT SPECIFIED,52.08,
SURVEY,2016,YEAR,,COUNTY,CALIFORNIA,6,SACRAMENTO VALLEY,50,OTHER (COMBINED) COUNTIES,,,,0,,TOMATOES,"TOMATOES, IN THE OPEN, PROCESSING - YIELD, MEASURED IN TONS / ACRE",TOTAL,NOT SPECIFIED,52.35,
SURVEY,2014,YEAR,,COUNTY,CALIFORNIA,6,SAN JOAQUIN VALLEY,51,KERN,29,,,0,,TOMATOES,"TOMATOES, IN THE OPEN, PROCESSING - YIELD, MEASURED IN TONS / ACRE",TOTAL,NOT SPECIFIED,52.86,
SURVEY,2016,YEAR,,COUNTY,CALIFORNIA,6,SAN JOAQUIN VALLEY,51,OTHER (COMBINED) COUNTIES,,,,0,,TOMATOES,"TOMATOES, IN THE OPEN, PROCESSING - YIELD, MEASURED IN TONS / ACRE",TOTAL,NOT SPECIFIED,52.87,
SURVEY,2011,YEAR,,COUNTY,CALIFORNIA,6,CENTRAL COAST,40,OTHER (COMBINED) COUNTIES,,,,0,,TOMATOES,"TOMATOES, IN THE OPEN, PROCESSING - YIELD, MEASURED IN TONS / ACRE",TOTAL,NOT SPECIFIED,53.21,
SURVEY,2016,YEAR,,COUNTY,CALIFORNIA,6,SACRAMENTO VALLEY,50,COLUSA,11,,,0,,TOMATOES,"TOMATOES, IN THE OPEN, PROCESSING - YIELD, MEASURED IN TONS / ACRE",TOTAL,NOT SPECIFIED,53.26,
SURVEY,2011,YEAR,,COUNTY,CALIFORNIA,6,SAN JOAQUIN VALLEY,51,FRESNO,19,,,0,,TOMATOES,"TOMATOES, IN THE OPEN, PROCESSING - YIELD, MEASURED IN TONS / ACRE",TOTAL,NOT SPECIFIED,53.61,
SURVEY,2015,YEAR,,COUNTY,CALIFORNIA,6,SACRAMENTO VALLEY,50,OTHER (COMBINED) COUNTIES,,,,0,,TOMATOES,"TOMATOES, IN THE OPEN, PROCESSING - YIELD, MEASURED IN TONS / ACRE",TOTAL,NOT SPECIFIED,53.63,
SURVEY,2014,YEAR,,COUNTY,CALIFORNIA,6,SAN JOAQUIN VALLEY,51,KINGS,31,,,0,,TOMATOES,"TOMATOES, IN THE OPEN, PROCESSING - YIELD, MEASURED IN TONS / ACRE",TOTAL,NOT SPECIFIED,54.13,
SURVEY,2015,YEAR,,COUNTY,CALIFORNIA,6,SAN JOAQUIN VALLEY,51,OTHER (COMBINED) COUNTIES,,,,0,,TOMATOES,"TOMATOES, IN THE OPEN, PROCESSING - YIELD, MEASURED IN TONS / ACRE",TOTAL,NOT SPECIFIED,54.22,
SURVEY,2016,YEAR,,COUNTY,CALIFORNIA,6,SAN JOAQUIN VALLEY,51,KINGS,31,,,0,,TOMATOES,"TOMATOES, IN THE OPEN, PROCESSING - YIELD, MEASURED IN TONS / ACRE",TOTAL,NOT SPECIFIED,54.74,
SURVEY,2013,YEAR,,COUNTY,CALIFORNIA,6,CENTRAL COAST,40,OTHER (COMBINED) COUNTIES,,,,0,,TOMATOES,"TOMATOES, IN THE OPEN, PROCESSING - YIELD, MEASURED IN TONS / ACRE",TOTAL,NOT SPECIFIED,55,
SURVEY,2012,YEAR,,COUNTY,CALIFORNIA,6,SAN JOAQUIN VALLEY,51,FRESNO,19,,,0,,TOMATOES,"TOMATOES, IN THE OPEN, PROCESSING - YIELD, MEASURED IN TONS / ACRE",TOTAL,NOT SPECIFIED,55.26,
SURVEY,2012,YEAR,,COUNTY,CALIFORNIA,6,SAN JOAQUIN VALLEY,51,KERN,29,,,0,,TOMATOES,"TOMATOES, IN THE OPEN, PROCESSING - YIELD, MEASURED IN TONS / ACRE",TOTAL,NOT SPECIFIED,55.92,
SURVEY,2013,YEAR,,COUNTY,CALIFORNIA,6,SAN JOAQUIN VALLEY,51,MERCED,47,,,0,,TOMATOES,"TOMATOES, IN THE OPEN, PROCESSING - YIELD, MEASURED IN TONS / ACRE",TOTAL,NOT SPECIFIED,56.77,
SURVEY,2010,YEAR,,COUNTY,CALIFORNIA,6,CENTRAL COAST,40,SAN BENITO,69,,,0,,TOMATOES,"TOMATOES, IN THE OPEN, PROCESSING - YIELD, MEASURED IN TONS / ACRE",TOTAL,NOT SPECIFIED,64,
SURVEY,2010,YEAR,,COUNTY,CALIFORNIA,6,SAN JOAQUIN VALLEY,51,OTHER (COMBINED) COUNTIES,,,,0,,TOMATOES,"TOMATOES, IN THE OPEN, PROCESSING - YIELD, MEASURED IN TONS / ACRE",TOTAL,NOT SPECIFIED,67,